Copyright 1986-2022 Xilinx, Inc. All Rights Reserved. Copyright 2022-2023 Advanced Micro Devices, Inc. All Rights Reserved.
---------------------------------------------------------------------------------------------------------------------------------------------------------------------------------------------------------------------------
| Tool Version : Vivado v.2023.1 (win64) Build 3865809 Sun May  7 15:05:29 MDT 2023
| Date         : Sat Apr 11 16:43:59 2026
| Host         : DESKTOP-71N9T96 running 64-bit major release  (build 9200)
| Command      : report_timing_summary -max_paths 10 -report_unconstrained -file top_module_timing_summary_routed.rpt -pb top_module_timing_summary_routed.pb -rpx top_module_timing_summary_routed.rpx -warn_on_violation
| Design       : top_module
| Device       : 7a35t-cpg236
| Speed File   : -1  PRODUCTION 1.23 2018-06-13
| Design State : Routed
---------------------------------------------------------------------------------------------------------------------------------------------------------------------------------------------------------------------------

Timing Summary Report

------------------------------------------------------------------------------------------------
| Timer Settings
| --------------
------------------------------------------------------------------------------------------------

  Enable Multi Corner Analysis               :  Yes
  Enable Pessimism Removal                   :  Yes
  Pessimism Removal Resolution               :  Nearest Common Node
  Enable Input Delay Default Clock           :  No
  Enable Preset / Clear Arcs                 :  No
  Disable Flight Delays                      :  No
  Ignore I/O Paths                           :  No
  Timing Early Launch at Borrowing Latches   :  No
  Borrow Time for Max Delay Exceptions       :  Yes
  Merge Timing Exceptions                    :  Yes

  Corner  Analyze    Analyze    
  Name    Max Paths  Min Paths  
  ------  ---------  ---------  
  Slow    Yes        Yes        
  Fast    Yes        Yes        


------------------------------------------------------------------------------------------------
| Report Methodology
| ------------------
------------------------------------------------------------------------------------------------

Rule       Severity          Description                    Violations  
---------  ----------------  -----------------------------  ----------  
TIMING-17  Critical Warning  Non-clocked sequential cell    84          
TIMING-18  Warning           Missing input or output delay  13          

Note: This report is based on the most recent report_methodology run and may not be up-to-date. Run report_methodology on the current design for the latest report.



check_timing report

Table of Contents
-----------------
1. checking no_clock (588)
2. checking constant_clock (0)
3. checking pulse_width_clock (0)
4. checking unconstrained_internal_endpoints (265)
5. checking no_input_delay (19)
6. checking no_output_delay (27)
7. checking multiple_clock (0)
8. checking generated_clocks (0)
9. checking loops (0)
10. checking partial_input_delay (0)
11. checking partial_output_delay (0)
12. checking latch_loops (0)

1. checking no_clock (588)
--------------------------
 There are 84 register/latch pins with no clock driven by root clock pin: BTNC (HIGH)

 There are 84 register/latch pins with no clock driven by root clock pin: SW[4] (HIGH)

 There are 84 register/latch pins with no clock driven by root clock pin: SW[5] (HIGH)

 There are 84 register/latch pins with no clock driven by root clock pin: btnc_prev_reg/Q (HIGH)

 There are 84 register/latch pins with no clock driven by root clock pin: clk_div_inst/counter_reg[22]/Q (HIGH)

 There are 84 register/latch pins with no clock driven by root clock pin: clk_div_inst/counter_reg[24]/Q (HIGH)

 There are 84 register/latch pins with no clock driven by root clock pin: clk_div_inst/counter_reg[26]/Q (HIGH)


2. checking constant_clock (0)
------------------------------
 There are 0 register/latch pins with constant_clock.


3. checking pulse_width_clock (0)
---------------------------------
 There are 0 register/latch pins which need pulse_width check


4. checking unconstrained_internal_endpoints (265)
--------------------------------------------------
 There are 265 pins that are not constrained for maximum delay. (HIGH)

 There are 0 pins that are not constrained for maximum delay due to constant clock.


5. checking no_input_delay (19)
-------------------------------
 There are 19 input ports with no input delay specified. (HIGH)

 There are 0 input ports with no input delay but user has a false path constraint.


6. checking no_output_delay (27)
--------------------------------
 There are 27 ports with no output delay specified. (HIGH)

 There are 0 ports with no output delay but user has a false path constraint

 There are 0 ports with no output delay but with a timing clock defined on it or propagating through it


7. checking multiple_clock (0)
------------------------------
 There are 0 register/latch pins with multiple clocks.


8. checking generated_clocks (0)
--------------------------------
 There are 0 generated clocks that are not connected to a clock source.


9. checking loops (0)
---------------------
 There are 0 combinational loops in the design.


10. checking partial_input_delay (0)
------------------------------------
 There are 0 input ports with partial input delay specified.


11. checking partial_output_delay (0)
-------------------------------------
 There are 0 ports with partial output delay specified.


12. checking latch_loops (0)
----------------------------
 There are 0 combinational latch loops in the design through latch input



------------------------------------------------------------------------------------------------
| Design Timing Summary
| ---------------------
------------------------------------------------------------------------------------------------

    WNS(ns)      TNS(ns)  TNS Failing Endpoints  TNS Total Endpoints      WHS(ns)      THS(ns)  THS Failing Endpoints  THS Total Endpoints     WPWS(ns)     TPWS(ns)  TPWS Failing Endpoints  TPWS Total Endpoints  
    -------      -------  ---------------------  -------------------      -------      -------  ---------------------  -------------------     --------     --------  ----------------------  --------------------  
      7.291        0.000                      0                   45        0.252        0.000                      0                   45        4.500        0.000                       0                    47  


All user specified timing constraints are met.


------------------------------------------------------------------------------------------------
| Clock Summary
| -------------
------------------------------------------------------------------------------------------------

Clock        Waveform(ns)       Period(ns)      Frequency(MHz)
-----        ------------       ----------      --------------
sys_clk_pin  {0.000 5.000}      10.000          100.000         


------------------------------------------------------------------------------------------------
| Intra Clock Table
| -----------------
------------------------------------------------------------------------------------------------

Clock             WNS(ns)      TNS(ns)  TNS Failing Endpoints  TNS Total Endpoints      WHS(ns)      THS(ns)  THS Failing Endpoints  THS Total Endpoints     WPWS(ns)     TPWS(ns)  TPWS Failing Endpoints  TPWS Total Endpoints  
-----             -------      -------  ---------------------  -------------------      -------      -------  ---------------------  -------------------     --------     --------  ----------------------  --------------------  
sys_clk_pin         7.291        0.000                      0                   45        0.252        0.000                      0                   45        4.500        0.000                       0                    47  


------------------------------------------------------------------------------------------------
| Inter Clock Table
| -----------------
------------------------------------------------------------------------------------------------

From Clock    To Clock          WNS(ns)      TNS(ns)  TNS Failing Endpoints  TNS Total Endpoints      WHS(ns)      THS(ns)  THS Failing Endpoints  THS Total Endpoints  
----------    --------          -------      -------  ---------------------  -------------------      -------      -------  ---------------------  -------------------  


------------------------------------------------------------------------------------------------
| Other Path Groups Table
| -----------------------
------------------------------------------------------------------------------------------------

Path Group    From Clock    To Clock          WNS(ns)      TNS(ns)  TNS Failing Endpoints  TNS Total Endpoints      WHS(ns)      THS(ns)  THS Failing Endpoints  THS Total Endpoints  
----------    ----------    --------          -------      -------  ---------------------  -------------------      -------      -------  ---------------------  -------------------  


------------------------------------------------------------------------------------------------
| User Ignored Path Table
| -----------------------
------------------------------------------------------------------------------------------------

Path Group    From Clock    To Clock    
----------    ----------    --------    


------------------------------------------------------------------------------------------------
| Unconstrained Path Table
| ------------------------
------------------------------------------------------------------------------------------------

Path Group    From Clock    To Clock    
----------    ----------    --------    
(none)                                    
(none)        sys_clk_pin                 
(none)                      sys_clk_pin   


------------------------------------------------------------------------------------------------
| Timing Details
| --------------
------------------------------------------------------------------------------------------------


---------------------------------------------------------------------------------------------------
From Clock:  sys_clk_pin
  To Clock:  sys_clk_pin

Setup :            0  Failing Endpoints,  Worst Slack        7.291ns,  Total Violation        0.000ns
Hold  :            0  Failing Endpoints,  Worst Slack        0.252ns,  Total Violation        0.000ns
PW    :            0  Failing Endpoints,  Worst Slack        4.500ns,  Total Violation        0.000ns
---------------------------------------------------------------------------------------------------


Max Delay Paths
--------------------------------------------------------------------------------------
Slack (MET) :             7.291ns  (required time - arrival time)
  Source:                 ssd/refresh_counter_reg[1]/C
                            (rising edge-triggered cell FDRE clocked by sys_clk_pin  {rise@0.000ns fall@5.000ns period=10.000ns})
  Destination:            ssd/refresh_counter_reg[17]/D
                            (rising edge-triggered cell FDRE clocked by sys_clk_pin  {rise@0.000ns fall@5.000ns period=10.000ns})
  Path Group:             sys_clk_pin
  Path Type:              Setup (Max at Slow Process Corner)
  Requirement:            10.000ns  (sys_clk_pin rise@10.000ns - sys_clk_pin rise@0.000ns)
  Data Path Delay:        2.755ns  (logic 1.849ns (67.114%)  route 0.906ns (32.886%))
  Logic Levels:           5  (CARRY4=5)
  Clock Path Skew:        -0.028ns (DCD - SCD + CPR)
    Destination Clock Delay (DCD):    4.783ns = ( 14.783 - 10.000 ) 
    Source Clock Delay      (SCD):    5.085ns
    Clock Pessimism Removal (CPR):    0.274ns
  Clock Uncertainty:      0.035ns  ((TSJ^2 + TIJ^2)^1/2 + DJ) / 2 + PE
    Total System Jitter     (TSJ):    0.071ns
    Total Input Jitter      (TIJ):    0.000ns
    Discrete Jitter          (DJ):    0.000ns
    Phase Error              (PE):    0.000ns

    Location             Delay type                Incr(ns)  Path(ns)    Netlist Resource(s)
  -------------------------------------------------------------------    -------------------
                         (clock sys_clk_pin rise edge)
                                                      0.000     0.000 r  
    W5                                                0.000     0.000 r  clk (IN)
                         net (fo=0)                   0.000     0.000    clk
    W5                   IBUF (Prop_ibuf_I_O)         1.458     1.458 r  clk_IBUF_inst/O
                         net (fo=1, routed)           1.967     3.425    clk_IBUF
    BUFGCTRL_X0Y1        BUFG (Prop_bufg_I_O)         0.096     3.521 r  clk_IBUF_BUFG_inst/O
                         net (fo=46, routed)          1.564     5.085    ssd/clk
    SLICE_X46Y11         FDRE                                         r  ssd/refresh_counter_reg[1]/C
  -------------------------------------------------------------------    -------------------
    SLICE_X46Y11         FDRE (Prop_fdre_C_Q)         0.518     5.603 r  ssd/refresh_counter_reg[1]/Q
                         net (fo=1, routed)           0.906     6.509    ssd/refresh_counter_reg_n_0_[1]
    SLICE_X46Y11         CARRY4 (Prop_carry4_S[1]_CO[3])
                                                      0.657     7.166 r  ssd/refresh_counter_reg[0]_i_1/CO[3]
                         net (fo=1, routed)           0.000     7.166    ssd/refresh_counter_reg[0]_i_1_n_0
    SLICE_X46Y12         CARRY4 (Prop_carry4_CI_CO[3])
                                                      0.117     7.283 r  ssd/refresh_counter_reg[4]_i_1/CO[3]
                         net (fo=1, routed)           0.000     7.283    ssd/refresh_counter_reg[4]_i_1_n_0
    SLICE_X46Y13         CARRY4 (Prop_carry4_CI_CO[3])
                                                      0.117     7.400 r  ssd/refresh_counter_reg[8]_i_1/CO[3]
                         net (fo=1, routed)           0.000     7.400    ssd/refresh_counter_reg[8]_i_1_n_0
    SLICE_X46Y14         CARRY4 (Prop_carry4_CI_CO[3])
                                                      0.117     7.517 r  ssd/refresh_counter_reg[12]_i_1/CO[3]
                         net (fo=1, routed)           0.000     7.517    ssd/refresh_counter_reg[12]_i_1_n_0
    SLICE_X46Y15         CARRY4 (Prop_carry4_CI_O[1])
                                                      0.323     7.840 r  ssd/refresh_counter_reg[16]_i_1/O[1]
                         net (fo=1, routed)           0.000     7.840    ssd/refresh_counter_reg[16]_i_1_n_6
    SLICE_X46Y15         FDRE                                         r  ssd/refresh_counter_reg[17]/D
  -------------------------------------------------------------------    -------------------

                         (clock sys_clk_pin rise edge)
                                                     10.000    10.000 r  
    W5                                                0.000    10.000 r  clk (IN)
                         net (fo=0)                   0.000    10.000    clk
    W5                   IBUF (Prop_ibuf_I_O)         1.388    11.388 r  clk_IBUF_inst/O
                         net (fo=1, routed)           1.862    13.250    clk_IBUF
    BUFGCTRL_X0Y1        BUFG (Prop_bufg_I_O)         0.091    13.341 r  clk_IBUF_BUFG_inst/O
                         net (fo=46, routed)          1.442    14.783    ssd/clk
    SLICE_X46Y15         FDRE                                         r  ssd/refresh_counter_reg[17]/C
                         clock pessimism              0.274    15.057    
                         clock uncertainty           -0.035    15.022    
    SLICE_X46Y15         FDRE (Setup_fdre_C_D)        0.109    15.131    ssd/refresh_counter_reg[17]
  -------------------------------------------------------------------
                         required time                         15.131    
                         arrival time                          -7.840    
  -------------------------------------------------------------------
                         slack                                  7.291    

Slack (MET) :             7.395ns  (required time - arrival time)
  Source:                 ssd/refresh_counter_reg[1]/C
                            (rising edge-triggered cell FDRE clocked by sys_clk_pin  {rise@0.000ns fall@5.000ns period=10.000ns})
  Destination:            ssd/refresh_counter_reg[16]/D
                            (rising edge-triggered cell FDRE clocked by sys_clk_pin  {rise@0.000ns fall@5.000ns period=10.000ns})
  Path Group:             sys_clk_pin
  Path Type:              Setup (Max at Slow Process Corner)
  Requirement:            10.000ns  (sys_clk_pin rise@10.000ns - sys_clk_pin rise@0.000ns)
  Data Path Delay:        2.651ns  (logic 1.745ns (65.824%)  route 0.906ns (34.176%))
  Logic Levels:           5  (CARRY4=5)
  Clock Path Skew:        -0.028ns (DCD - SCD + CPR)
    Destination Clock Delay (DCD):    4.783ns = ( 14.783 - 10.000 ) 
    Source Clock Delay      (SCD):    5.085ns
    Clock Pessimism Removal (CPR):    0.274ns
  Clock Uncertainty:      0.035ns  ((TSJ^2 + TIJ^2)^1/2 + DJ) / 2 + PE
    Total System Jitter     (TSJ):    0.071ns
    Total Input Jitter      (TIJ):    0.000ns
    Discrete Jitter          (DJ):    0.000ns
    Phase Error              (PE):    0.000ns

    Location             Delay type                Incr(ns)  Path(ns)    Netlist Resource(s)
  -------------------------------------------------------------------    -------------------
                         (clock sys_clk_pin rise edge)
                                                      0.000     0.000 r  
    W5                                                0.000     0.000 r  clk (IN)
                         net (fo=0)                   0.000     0.000    clk
    W5                   IBUF (Prop_ibuf_I_O)         1.458     1.458 r  clk_IBUF_inst/O
                         net (fo=1, routed)           1.967     3.425    clk_IBUF
    BUFGCTRL_X0Y1        BUFG (Prop_bufg_I_O)         0.096     3.521 r  clk_IBUF_BUFG_inst/O
                         net (fo=46, routed)          1.564     5.085    ssd/clk
    SLICE_X46Y11         FDRE                                         r  ssd/refresh_counter_reg[1]/C
  -------------------------------------------------------------------    -------------------
    SLICE_X46Y11         FDRE (Prop_fdre_C_Q)         0.518     5.603 r  ssd/refresh_counter_reg[1]/Q
                         net (fo=1, routed)           0.906     6.509    ssd/refresh_counter_reg_n_0_[1]
    SLICE_X46Y11         CARRY4 (Prop_carry4_S[1]_CO[3])
                                                      0.657     7.166 r  ssd/refresh_counter_reg[0]_i_1/CO[3]
                         net (fo=1, routed)           0.000     7.166    ssd/refresh_counter_reg[0]_i_1_n_0
    SLICE_X46Y12         CARRY4 (Prop_carry4_CI_CO[3])
                                                      0.117     7.283 r  ssd/refresh_counter_reg[4]_i_1/CO[3]
                         net (fo=1, routed)           0.000     7.283    ssd/refresh_counter_reg[4]_i_1_n_0
    SLICE_X46Y13         CARRY4 (Prop_carry4_CI_CO[3])
                                                      0.117     7.400 r  ssd/refresh_counter_reg[8]_i_1/CO[3]
                         net (fo=1, routed)           0.000     7.400    ssd/refresh_counter_reg[8]_i_1_n_0
    SLICE_X46Y14         CARRY4 (Prop_carry4_CI_CO[3])
                                                      0.117     7.517 r  ssd/refresh_counter_reg[12]_i_1/CO[3]
                         net (fo=1, routed)           0.000     7.517    ssd/refresh_counter_reg[12]_i_1_n_0
    SLICE_X46Y15         CARRY4 (Prop_carry4_CI_O[0])
                                                      0.219     7.736 r  ssd/refresh_counter_reg[16]_i_1/O[0]
                         net (fo=1, routed)           0.000     7.736    ssd/refresh_counter_reg[16]_i_1_n_7
    SLICE_X46Y15         FDRE                                         r  ssd/refresh_counter_reg[16]/D
  -------------------------------------------------------------------    -------------------

                         (clock sys_clk_pin rise edge)
                                                     10.000    10.000 r  
    W5                                                0.000    10.000 r  clk (IN)
                         net (fo=0)                   0.000    10.000    clk
    W5                   IBUF (Prop_ibuf_I_O)         1.388    11.388 r  clk_IBUF_inst/O
                         net (fo=1, routed)           1.862    13.250    clk_IBUF
    BUFGCTRL_X0Y1        BUFG (Prop_bufg_I_O)         0.091    13.341 r  clk_IBUF_BUFG_inst/O
                         net (fo=46, routed)          1.442    14.783    ssd/clk
    SLICE_X46Y15         FDRE                                         r  ssd/refresh_counter_reg[16]/C
                         clock pessimism              0.274    15.057    
                         clock uncertainty           -0.035    15.022    
    SLICE_X46Y15         FDRE (Setup_fdre_C_D)        0.109    15.131    ssd/refresh_counter_reg[16]
  -------------------------------------------------------------------
                         required time                         15.131    
                         arrival time                          -7.736    
  -------------------------------------------------------------------
                         slack                                  7.395    

Slack (MET) :             7.409ns  (required time - arrival time)
  Source:                 ssd/refresh_counter_reg[1]/C
                            (rising edge-triggered cell FDRE clocked by sys_clk_pin  {rise@0.000ns fall@5.000ns period=10.000ns})
  Destination:            ssd/refresh_counter_reg[13]/D
                            (rising edge-triggered cell FDRE clocked by sys_clk_pin  {rise@0.000ns fall@5.000ns period=10.000ns})
  Path Group:             sys_clk_pin
  Path Type:              Setup (Max at Slow Process Corner)
  Requirement:            10.000ns  (sys_clk_pin rise@10.000ns - sys_clk_pin rise@0.000ns)
  Data Path Delay:        2.638ns  (logic 1.732ns (65.656%)  route 0.906ns (34.344%))
  Logic Levels:           4  (CARRY4=4)
  Clock Path Skew:        -0.027ns (DCD - SCD + CPR)
    Destination Clock Delay (DCD):    4.784ns = ( 14.784 - 10.000 ) 
    Source Clock Delay      (SCD):    5.085ns
    Clock Pessimism Removal (CPR):    0.274ns
  Clock Uncertainty:      0.035ns  ((TSJ^2 + TIJ^2)^1/2 + DJ) / 2 + PE
    Total System Jitter     (TSJ):    0.071ns
    Total Input Jitter      (TIJ):    0.000ns
    Discrete Jitter          (DJ):    0.000ns
    Phase Error              (PE):    0.000ns

    Location             Delay type                Incr(ns)  Path(ns)    Netlist Resource(s)
  -------------------------------------------------------------------    -------------------
                         (clock sys_clk_pin rise edge)
                                                      0.000     0.000 r  
    W5                                                0.000     0.000 r  clk (IN)
                         net (fo=0)                   0.000     0.000    clk
    W5                   IBUF (Prop_ibuf_I_O)         1.458     1.458 r  clk_IBUF_inst/O
                         net (fo=1, routed)           1.967     3.425    clk_IBUF
    BUFGCTRL_X0Y1        BUFG (Prop_bufg_I_O)         0.096     3.521 r  clk_IBUF_BUFG_inst/O
                         net (fo=46, routed)          1.564     5.085    ssd/clk
    SLICE_X46Y11         FDRE                                         r  ssd/refresh_counter_reg[1]/C
  -------------------------------------------------------------------    -------------------
    SLICE_X46Y11         FDRE (Prop_fdre_C_Q)         0.518     5.603 r  ssd/refresh_counter_reg[1]/Q
                         net (fo=1, routed)           0.906     6.509    ssd/refresh_counter_reg_n_0_[1]
    SLICE_X46Y11         CARRY4 (Prop_carry4_S[1]_CO[3])
                                                      0.657     7.166 r  ssd/refresh_counter_reg[0]_i_1/CO[3]
                         net (fo=1, routed)           0.000     7.166    ssd/refresh_counter_reg[0]_i_1_n_0
    SLICE_X46Y12         CARRY4 (Prop_carry4_CI_CO[3])
                                                      0.117     7.283 r  ssd/refresh_counter_reg[4]_i_1/CO[3]
                         net (fo=1, routed)           0.000     7.283    ssd/refresh_counter_reg[4]_i_1_n_0
    SLICE_X46Y13         CARRY4 (Prop_carry4_CI_CO[3])
                                                      0.117     7.400 r  ssd/refresh_counter_reg[8]_i_1/CO[3]
                         net (fo=1, routed)           0.000     7.400    ssd/refresh_counter_reg[8]_i_1_n_0
    SLICE_X46Y14         CARRY4 (Prop_carry4_CI_O[1])
                                                      0.323     7.723 r  ssd/refresh_counter_reg[12]_i_1/O[1]
                         net (fo=1, routed)           0.000     7.723    ssd/refresh_counter_reg[12]_i_1_n_6
    SLICE_X46Y14         FDRE                                         r  ssd/refresh_counter_reg[13]/D
  -------------------------------------------------------------------    -------------------

                         (clock sys_clk_pin rise edge)
                                                     10.000    10.000 r  
    W5                                                0.000    10.000 r  clk (IN)
                         net (fo=0)                   0.000    10.000    clk
    W5                   IBUF (Prop_ibuf_I_O)         1.388    11.388 r  clk_IBUF_inst/O
                         net (fo=1, routed)           1.862    13.250    clk_IBUF
    BUFGCTRL_X0Y1        BUFG (Prop_bufg_I_O)         0.091    13.341 r  clk_IBUF_BUFG_inst/O
                         net (fo=46, routed)          1.443    14.784    ssd/clk
    SLICE_X46Y14         FDRE                                         r  ssd/refresh_counter_reg[13]/C
                         clock pessimism              0.274    15.058    
                         clock uncertainty           -0.035    15.023    
    SLICE_X46Y14         FDRE (Setup_fdre_C_D)        0.109    15.132    ssd/refresh_counter_reg[13]
  -------------------------------------------------------------------
                         required time                         15.132    
                         arrival time                          -7.723    
  -------------------------------------------------------------------
                         slack                                  7.409    

Slack (MET) :             7.417ns  (required time - arrival time)
  Source:                 ssd/refresh_counter_reg[1]/C
                            (rising edge-triggered cell FDRE clocked by sys_clk_pin  {rise@0.000ns fall@5.000ns period=10.000ns})
  Destination:            ssd/refresh_counter_reg[15]/D
                            (rising edge-triggered cell FDRE clocked by sys_clk_pin  {rise@0.000ns fall@5.000ns period=10.000ns})
  Path Group:             sys_clk_pin
  Path Type:              Setup (Max at Slow Process Corner)
  Requirement:            10.000ns  (sys_clk_pin rise@10.000ns - sys_clk_pin rise@0.000ns)
  Data Path Delay:        2.630ns  (logic 1.724ns (65.551%)  route 0.906ns (34.449%))
  Logic Levels:           4  (CARRY4=4)
  Clock Path Skew:        -0.027ns (DCD - SCD + CPR)
    Destination Clock Delay (DCD):    4.784ns = ( 14.784 - 10.000 ) 
    Source Clock Delay      (SCD):    5.085ns
    Clock Pessimism Removal (CPR):    0.274ns
  Clock Uncertainty:      0.035ns  ((TSJ^2 + TIJ^2)^1/2 + DJ) / 2 + PE
    Total System Jitter     (TSJ):    0.071ns
    Total Input Jitter      (TIJ):    0.000ns
    Discrete Jitter          (DJ):    0.000ns
    Phase Error              (PE):    0.000ns

    Location             Delay type                Incr(ns)  Path(ns)    Netlist Resource(s)
  -------------------------------------------------------------------    -------------------
                         (clock sys_clk_pin rise edge)
                                                      0.000     0.000 r  
    W5                                                0.000     0.000 r  clk (IN)
                         net (fo=0)                   0.000     0.000    clk
    W5                   IBUF (Prop_ibuf_I_O)         1.458     1.458 r  clk_IBUF_inst/O
                         net (fo=1, routed)           1.967     3.425    clk_IBUF
    BUFGCTRL_X0Y1        BUFG (Prop_bufg_I_O)         0.096     3.521 r  clk_IBUF_BUFG_inst/O
                         net (fo=46, routed)          1.564     5.085    ssd/clk
    SLICE_X46Y11         FDRE                                         r  ssd/refresh_counter_reg[1]/C
  -------------------------------------------------------------------    -------------------
    SLICE_X46Y11         FDRE (Prop_fdre_C_Q)         0.518     5.603 r  ssd/refresh_counter_reg[1]/Q
                         net (fo=1, routed)           0.906     6.509    ssd/refresh_counter_reg_n_0_[1]
    SLICE_X46Y11         CARRY4 (Prop_carry4_S[1]_CO[3])
                                                      0.657     7.166 r  ssd/refresh_counter_reg[0]_i_1/CO[3]
                         net (fo=1, routed)           0.000     7.166    ssd/refresh_counter_reg[0]_i_1_n_0
    SLICE_X46Y12         CARRY4 (Prop_carry4_CI_CO[3])
                                                      0.117     7.283 r  ssd/refresh_counter_reg[4]_i_1/CO[3]
                         net (fo=1, routed)           0.000     7.283    ssd/refresh_counter_reg[4]_i_1_n_0
    SLICE_X46Y13         CARRY4 (Prop_carry4_CI_CO[3])
                                                      0.117     7.400 r  ssd/refresh_counter_reg[8]_i_1/CO[3]
                         net (fo=1, routed)           0.000     7.400    ssd/refresh_counter_reg[8]_i_1_n_0
    SLICE_X46Y14         CARRY4 (Prop_carry4_CI_O[3])
                                                      0.315     7.715 r  ssd/refresh_counter_reg[12]_i_1/O[3]
                         net (fo=1, routed)           0.000     7.715    ssd/refresh_counter_reg[12]_i_1_n_4
    SLICE_X46Y14         FDRE                                         r  ssd/refresh_counter_reg[15]/D
  -------------------------------------------------------------------    -------------------

                         (clock sys_clk_pin rise edge)
                                                     10.000    10.000 r  
    W5                                                0.000    10.000 r  clk (IN)
                         net (fo=0)                   0.000    10.000    clk
    W5                   IBUF (Prop_ibuf_I_O)         1.388    11.388 r  clk_IBUF_inst/O
                         net (fo=1, routed)           1.862    13.250    clk_IBUF
    BUFGCTRL_X0Y1        BUFG (Prop_bufg_I_O)         0.091    13.341 r  clk_IBUF_BUFG_inst/O
                         net (fo=46, routed)          1.443    14.784    ssd/clk
    SLICE_X46Y14         FDRE                                         r  ssd/refresh_counter_reg[15]/C
                         clock pessimism              0.274    15.058    
                         clock uncertainty           -0.035    15.023    
    SLICE_X46Y14         FDRE (Setup_fdre_C_D)        0.109    15.132    ssd/refresh_counter_reg[15]
  -------------------------------------------------------------------
                         required time                         15.132    
                         arrival time                          -7.715    
  -------------------------------------------------------------------
                         slack                                  7.417    

Slack (MET) :             7.483ns  (required time - arrival time)
  Source:                 clk_div_inst/counter_reg[1]/C
                            (rising edge-triggered cell FDRE clocked by sys_clk_pin  {rise@0.000ns fall@5.000ns period=10.000ns})
  Destination:            clk_div_inst/counter_reg[25]/D
                            (rising edge-triggered cell FDRE clocked by sys_clk_pin  {rise@0.000ns fall@5.000ns period=10.000ns})
  Path Group:             sys_clk_pin
  Path Type:              Setup (Max at Slow Process Corner)
  Requirement:            10.000ns  (sys_clk_pin rise@10.000ns - sys_clk_pin rise@0.000ns)
  Data Path Delay:        2.514ns  (logic 2.034ns (80.891%)  route 0.480ns (19.109%))
  Logic Levels:           7  (CARRY4=7)
  Clock Path Skew:        -0.029ns (DCD - SCD + CPR)
    Destination Clock Delay (DCD):    4.787ns = ( 14.787 - 10.000 ) 
    Source Clock Delay      (SCD):    5.090ns
    Clock Pessimism Removal (CPR):    0.274ns
  Clock Uncertainty:      0.035ns  ((TSJ^2 + TIJ^2)^1/2 + DJ) / 2 + PE
    Total System Jitter     (TSJ):    0.071ns
    Total Input Jitter      (TIJ):    0.000ns
    Discrete Jitter          (DJ):    0.000ns
    Phase Error              (PE):    0.000ns

    Location             Delay type                Incr(ns)  Path(ns)    Netlist Resource(s)
  -------------------------------------------------------------------    -------------------
                         (clock sys_clk_pin rise edge)
                                                      0.000     0.000 r  
    W5                                                0.000     0.000 r  clk (IN)
                         net (fo=0)                   0.000     0.000    clk
    W5                   IBUF (Prop_ibuf_I_O)         1.458     1.458 r  clk_IBUF_inst/O
                         net (fo=1, routed)           1.967     3.425    clk_IBUF
    BUFGCTRL_X0Y1        BUFG (Prop_bufg_I_O)         0.096     3.521 r  clk_IBUF_BUFG_inst/O
                         net (fo=46, routed)          1.569     5.090    clk_div_inst/clk
    SLICE_X15Y6          FDRE                                         r  clk_div_inst/counter_reg[1]/C
  -------------------------------------------------------------------    -------------------
    SLICE_X15Y6          FDRE (Prop_fdre_C_Q)         0.456     5.546 r  clk_div_inst/counter_reg[1]/Q
                         net (fo=1, routed)           0.480     6.027    clk_div_inst/counter_reg_n_0_[1]
    SLICE_X15Y6          CARRY4 (Prop_carry4_S[1]_CO[3])
                                                      0.674     6.701 r  clk_div_inst/counter_reg[0]_i_1/CO[3]
                         net (fo=1, routed)           0.000     6.701    clk_div_inst/counter_reg[0]_i_1_n_0
    SLICE_X15Y7          CARRY4 (Prop_carry4_CI_CO[3])
                                                      0.114     6.815 r  clk_div_inst/counter_reg[4]_i_1/CO[3]
                         net (fo=1, routed)           0.000     6.815    clk_div_inst/counter_reg[4]_i_1_n_0
    SLICE_X15Y8          CARRY4 (Prop_carry4_CI_CO[3])
                                                      0.114     6.929 r  clk_div_inst/counter_reg[8]_i_1/CO[3]
                         net (fo=1, routed)           0.000     6.929    clk_div_inst/counter_reg[8]_i_1_n_0
    SLICE_X15Y9          CARRY4 (Prop_carry4_CI_CO[3])
                                                      0.114     7.043 r  clk_div_inst/counter_reg[12]_i_1/CO[3]
                         net (fo=1, routed)           0.000     7.043    clk_div_inst/counter_reg[12]_i_1_n_0
    SLICE_X15Y10         CARRY4 (Prop_carry4_CI_CO[3])
                                                      0.114     7.157 r  clk_div_inst/counter_reg[16]_i_1/CO[3]
                         net (fo=1, routed)           0.000     7.157    clk_div_inst/counter_reg[16]_i_1_n_0
    SLICE_X15Y11         CARRY4 (Prop_carry4_CI_CO[3])
                                                      0.114     7.271 r  clk_div_inst/counter_reg[20]_i_1/CO[3]
                         net (fo=1, routed)           0.000     7.271    clk_div_inst/counter_reg[20]_i_1_n_0
    SLICE_X15Y12         CARRY4 (Prop_carry4_CI_O[1])
                                                      0.334     7.605 r  clk_div_inst/counter_reg[24]_i_1/O[1]
                         net (fo=1, routed)           0.000     7.605    clk_div_inst/counter_reg[24]_i_1_n_6
    SLICE_X15Y12         FDRE                                         r  clk_div_inst/counter_reg[25]/D
  -------------------------------------------------------------------    -------------------

                         (clock sys_clk_pin rise edge)
                                                     10.000    10.000 r  
    W5                                                0.000    10.000 r  clk (IN)
                         net (fo=0)                   0.000    10.000    clk
    W5                   IBUF (Prop_ibuf_I_O)         1.388    11.388 r  clk_IBUF_inst/O
                         net (fo=1, routed)           1.862    13.250    clk_IBUF
    BUFGCTRL_X0Y1        BUFG (Prop_bufg_I_O)         0.091    13.341 r  clk_IBUF_BUFG_inst/O
                         net (fo=46, routed)          1.446    14.787    clk_div_inst/clk
    SLICE_X15Y12         FDRE                                         r  clk_div_inst/counter_reg[25]/C
                         clock pessimism              0.274    15.061    
                         clock uncertainty           -0.035    15.026    
    SLICE_X15Y12         FDRE (Setup_fdre_C_D)        0.062    15.088    clk_div_inst/counter_reg[25]
  -------------------------------------------------------------------
                         required time                         15.088    
                         arrival time                          -7.605    
  -------------------------------------------------------------------
                         slack                                  7.483    

Slack (MET) :             7.493ns  (required time - arrival time)
  Source:                 ssd/refresh_counter_reg[1]/C
                            (rising edge-triggered cell FDRE clocked by sys_clk_pin  {rise@0.000ns fall@5.000ns period=10.000ns})
  Destination:            ssd/refresh_counter_reg[14]/D
                            (rising edge-triggered cell FDRE clocked by sys_clk_pin  {rise@0.000ns fall@5.000ns period=10.000ns})
  Path Group:             sys_clk_pin
  Path Type:              Setup (Max at Slow Process Corner)
  Requirement:            10.000ns  (sys_clk_pin rise@10.000ns - sys_clk_pin rise@0.000ns)
  Data Path Delay:        2.554ns  (logic 1.648ns (64.526%)  route 0.906ns (35.474%))
  Logic Levels:           4  (CARRY4=4)
  Clock Path Skew:        -0.027ns (DCD - SCD + CPR)
    Destination Clock Delay (DCD):    4.784ns = ( 14.784 - 10.000 ) 
    Source Clock Delay      (SCD):    5.085ns
    Clock Pessimism Removal (CPR):    0.274ns
  Clock Uncertainty:      0.035ns  ((TSJ^2 + TIJ^2)^1/2 + DJ) / 2 + PE
    Total System Jitter     (TSJ):    0.071ns
    Total Input Jitter      (TIJ):    0.000ns
    Discrete Jitter          (DJ):    0.000ns
    Phase Error              (PE):    0.000ns

    Location             Delay type                Incr(ns)  Path(ns)    Netlist Resource(s)
  -------------------------------------------------------------------    -------------------
                         (clock sys_clk_pin rise edge)
                                                      0.000     0.000 r  
    W5                                                0.000     0.000 r  clk (IN)
                         net (fo=0)                   0.000     0.000    clk
    W5                   IBUF (Prop_ibuf_I_O)         1.458     1.458 r  clk_IBUF_inst/O
                         net (fo=1, routed)           1.967     3.425    clk_IBUF
    BUFGCTRL_X0Y1        BUFG (Prop_bufg_I_O)         0.096     3.521 r  clk_IBUF_BUFG_inst/O
                         net (fo=46, routed)          1.564     5.085    ssd/clk
    SLICE_X46Y11         FDRE                                         r  ssd/refresh_counter_reg[1]/C
  -------------------------------------------------------------------    -------------------
    SLICE_X46Y11         FDRE (Prop_fdre_C_Q)         0.518     5.603 r  ssd/refresh_counter_reg[1]/Q
                         net (fo=1, routed)           0.906     6.509    ssd/refresh_counter_reg_n_0_[1]
    SLICE_X46Y11         CARRY4 (Prop_carry4_S[1]_CO[3])
                                                      0.657     7.166 r  ssd/refresh_counter_reg[0]_i_1/CO[3]
                         net (fo=1, routed)           0.000     7.166    ssd/refresh_counter_reg[0]_i_1_n_0
    SLICE_X46Y12         CARRY4 (Prop_carry4_CI_CO[3])
                                                      0.117     7.283 r  ssd/refresh_counter_reg[4]_i_1/CO[3]
                         net (fo=1, routed)           0.000     7.283    ssd/refresh_counter_reg[4]_i_1_n_0
    SLICE_X46Y13         CARRY4 (Prop_carry4_CI_CO[3])
                                                      0.117     7.400 r  ssd/refresh_counter_reg[8]_i_1/CO[3]
                         net (fo=1, routed)           0.000     7.400    ssd/refresh_counter_reg[8]_i_1_n_0
    SLICE_X46Y14         CARRY4 (Prop_carry4_CI_O[2])
                                                      0.239     7.639 r  ssd/refresh_counter_reg[12]_i_1/O[2]
                         net (fo=1, routed)           0.000     7.639    ssd/refresh_counter_reg[12]_i_1_n_5
    SLICE_X46Y14         FDRE                                         r  ssd/refresh_counter_reg[14]/D
  -------------------------------------------------------------------    -------------------

                         (clock sys_clk_pin rise edge)
                                                     10.000    10.000 r  
    W5                                                0.000    10.000 r  clk (IN)
                         net (fo=0)                   0.000    10.000    clk
    W5                   IBUF (Prop_ibuf_I_O)         1.388    11.388 r  clk_IBUF_inst/O
                         net (fo=1, routed)           1.862    13.250    clk_IBUF
    BUFGCTRL_X0Y1        BUFG (Prop_bufg_I_O)         0.091    13.341 r  clk_IBUF_BUFG_inst/O
                         net (fo=46, routed)          1.443    14.784    ssd/clk
    SLICE_X46Y14         FDRE                                         r  ssd/refresh_counter_reg[14]/C
                         clock pessimism              0.274    15.058    
                         clock uncertainty           -0.035    15.023    
    SLICE_X46Y14         FDRE (Setup_fdre_C_D)        0.109    15.132    ssd/refresh_counter_reg[14]
  -------------------------------------------------------------------
                         required time                         15.132    
                         arrival time                          -7.639    
  -------------------------------------------------------------------
                         slack                                  7.493    

Slack (MET) :             7.513ns  (required time - arrival time)
  Source:                 ssd/refresh_counter_reg[1]/C
                            (rising edge-triggered cell FDRE clocked by sys_clk_pin  {rise@0.000ns fall@5.000ns period=10.000ns})
  Destination:            ssd/refresh_counter_reg[12]/D
                            (rising edge-triggered cell FDRE clocked by sys_clk_pin  {rise@0.000ns fall@5.000ns period=10.000ns})
  Path Group:             sys_clk_pin
  Path Type:              Setup (Max at Slow Process Corner)
  Requirement:            10.000ns  (sys_clk_pin rise@10.000ns - sys_clk_pin rise@0.000ns)
  Data Path Delay:        2.534ns  (logic 1.628ns (64.246%)  route 0.906ns (35.754%))
  Logic Levels:           4  (CARRY4=4)
  Clock Path Skew:        -0.027ns (DCD - SCD + CPR)
    Destination Clock Delay (DCD):    4.784ns = ( 14.784 - 10.000 ) 
    Source Clock Delay      (SCD):    5.085ns
    Clock Pessimism Removal (CPR):    0.274ns
  Clock Uncertainty:      0.035ns  ((TSJ^2 + TIJ^2)^1/2 + DJ) / 2 + PE
    Total System Jitter     (TSJ):    0.071ns
    Total Input Jitter      (TIJ):    0.000ns
    Discrete Jitter          (DJ):    0.000ns
    Phase Error              (PE):    0.000ns

    Location             Delay type                Incr(ns)  Path(ns)    Netlist Resource(s)
  -------------------------------------------------------------------    -------------------
                         (clock sys_clk_pin rise edge)
                                                      0.000     0.000 r  
    W5                                                0.000     0.000 r  clk (IN)
                         net (fo=0)                   0.000     0.000    clk
    W5                   IBUF (Prop_ibuf_I_O)         1.458     1.458 r  clk_IBUF_inst/O
                         net (fo=1, routed)           1.967     3.425    clk_IBUF
    BUFGCTRL_X0Y1        BUFG (Prop_bufg_I_O)         0.096     3.521 r  clk_IBUF_BUFG_inst/O
                         net (fo=46, routed)          1.564     5.085    ssd/clk
    SLICE_X46Y11         FDRE                                         r  ssd/refresh_counter_reg[1]/C
  -------------------------------------------------------------------    -------------------
    SLICE_X46Y11         FDRE (Prop_fdre_C_Q)         0.518     5.603 r  ssd/refresh_counter_reg[1]/Q
                         net (fo=1, routed)           0.906     6.509    ssd/refresh_counter_reg_n_0_[1]
    SLICE_X46Y11         CARRY4 (Prop_carry4_S[1]_CO[3])
                                                      0.657     7.166 r  ssd/refresh_counter_reg[0]_i_1/CO[3]
                         net (fo=1, routed)           0.000     7.166    ssd/refresh_counter_reg[0]_i_1_n_0
    SLICE_X46Y12         CARRY4 (Prop_carry4_CI_CO[3])
                                                      0.117     7.283 r  ssd/refresh_counter_reg[4]_i_1/CO[3]
                         net (fo=1, routed)           0.000     7.283    ssd/refresh_counter_reg[4]_i_1_n_0
    SLICE_X46Y13         CARRY4 (Prop_carry4_CI_CO[3])
                                                      0.117     7.400 r  ssd/refresh_counter_reg[8]_i_1/CO[3]
                         net (fo=1, routed)           0.000     7.400    ssd/refresh_counter_reg[8]_i_1_n_0
    SLICE_X46Y14         CARRY4 (Prop_carry4_CI_O[0])
                                                      0.219     7.619 r  ssd/refresh_counter_reg[12]_i_1/O[0]
                         net (fo=1, routed)           0.000     7.619    ssd/refresh_counter_reg[12]_i_1_n_7
    SLICE_X46Y14         FDRE                                         r  ssd/refresh_counter_reg[12]/D
  -------------------------------------------------------------------    -------------------

                         (clock sys_clk_pin rise edge)
                                                     10.000    10.000 r  
    W5                                                0.000    10.000 r  clk (IN)
                         net (fo=0)                   0.000    10.000    clk
    W5                   IBUF (Prop_ibuf_I_O)         1.388    11.388 r  clk_IBUF_inst/O
                         net (fo=1, routed)           1.862    13.250    clk_IBUF
    BUFGCTRL_X0Y1        BUFG (Prop_bufg_I_O)         0.091    13.341 r  clk_IBUF_BUFG_inst/O
                         net (fo=46, routed)          1.443    14.784    ssd/clk
    SLICE_X46Y14         FDRE                                         r  ssd/refresh_counter_reg[12]/C
                         clock pessimism              0.274    15.058    
                         clock uncertainty           -0.035    15.023    
    SLICE_X46Y14         FDRE (Setup_fdre_C_D)        0.109    15.132    ssd/refresh_counter_reg[12]
  -------------------------------------------------------------------
                         required time                         15.132    
                         arrival time                          -7.619    
  -------------------------------------------------------------------
                         slack                                  7.513    

Slack (MET) :             7.526ns  (required time - arrival time)
  Source:                 ssd/refresh_counter_reg[1]/C
                            (rising edge-triggered cell FDRE clocked by sys_clk_pin  {rise@0.000ns fall@5.000ns period=10.000ns})
  Destination:            ssd/refresh_counter_reg[9]/D
                            (rising edge-triggered cell FDRE clocked by sys_clk_pin  {rise@0.000ns fall@5.000ns period=10.000ns})
  Path Group:             sys_clk_pin
  Path Type:              Setup (Max at Slow Process Corner)
  Requirement:            10.000ns  (sys_clk_pin rise@10.000ns - sys_clk_pin rise@0.000ns)
  Data Path Delay:        2.521ns  (logic 1.615ns (64.062%)  route 0.906ns (35.938%))
  Logic Levels:           3  (CARRY4=3)
  Clock Path Skew:        -0.027ns (DCD - SCD + CPR)
    Destination Clock Delay (DCD):    4.784ns = ( 14.784 - 10.000 ) 
    Source Clock Delay      (SCD):    5.085ns
    Clock Pessimism Removal (CPR):    0.274ns
  Clock Uncertainty:      0.035ns  ((TSJ^2 + TIJ^2)^1/2 + DJ) / 2 + PE
    Total System Jitter     (TSJ):    0.071ns
    Total Input Jitter      (TIJ):    0.000ns
    Discrete Jitter          (DJ):    0.000ns
    Phase Error              (PE):    0.000ns

    Location             Delay type                Incr(ns)  Path(ns)    Netlist Resource(s)
  -------------------------------------------------------------------    -------------------
                         (clock sys_clk_pin rise edge)
                                                      0.000     0.000 r  
    W5                                                0.000     0.000 r  clk (IN)
                         net (fo=0)                   0.000     0.000    clk
    W5                   IBUF (Prop_ibuf_I_O)         1.458     1.458 r  clk_IBUF_inst/O
                         net (fo=1, routed)           1.967     3.425    clk_IBUF
    BUFGCTRL_X0Y1        BUFG (Prop_bufg_I_O)         0.096     3.521 r  clk_IBUF_BUFG_inst/O
                         net (fo=46, routed)          1.564     5.085    ssd/clk
    SLICE_X46Y11         FDRE                                         r  ssd/refresh_counter_reg[1]/C
  -------------------------------------------------------------------    -------------------
    SLICE_X46Y11         FDRE (Prop_fdre_C_Q)         0.518     5.603 r  ssd/refresh_counter_reg[1]/Q
                         net (fo=1, routed)           0.906     6.509    ssd/refresh_counter_reg_n_0_[1]
    SLICE_X46Y11         CARRY4 (Prop_carry4_S[1]_CO[3])
                                                      0.657     7.166 r  ssd/refresh_counter_reg[0]_i_1/CO[3]
                         net (fo=1, routed)           0.000     7.166    ssd/refresh_counter_reg[0]_i_1_n_0
    SLICE_X46Y12         CARRY4 (Prop_carry4_CI_CO[3])
                                                      0.117     7.283 r  ssd/refresh_counter_reg[4]_i_1/CO[3]
                         net (fo=1, routed)           0.000     7.283    ssd/refresh_counter_reg[4]_i_1_n_0
    SLICE_X46Y13         CARRY4 (Prop_carry4_CI_O[1])
                                                      0.323     7.606 r  ssd/refresh_counter_reg[8]_i_1/O[1]
                         net (fo=1, routed)           0.000     7.606    ssd/refresh_counter_reg[8]_i_1_n_6
    SLICE_X46Y13         FDRE                                         r  ssd/refresh_counter_reg[9]/D
  -------------------------------------------------------------------    -------------------

                         (clock sys_clk_pin rise edge)
                                                     10.000    10.000 r  
    W5                                                0.000    10.000 r  clk (IN)
                         net (fo=0)                   0.000    10.000    clk
    W5                   IBUF (Prop_ibuf_I_O)         1.388    11.388 r  clk_IBUF_inst/O
                         net (fo=1, routed)           1.862    13.250    clk_IBUF
    BUFGCTRL_X0Y1        BUFG (Prop_bufg_I_O)         0.091    13.341 r  clk_IBUF_BUFG_inst/O
                         net (fo=46, routed)          1.443    14.784    ssd/clk
    SLICE_X46Y13         FDRE                                         r  ssd/refresh_counter_reg[9]/C
                         clock pessimism              0.274    15.058    
                         clock uncertainty           -0.035    15.023    
    SLICE_X46Y13         FDRE (Setup_fdre_C_D)        0.109    15.132    ssd/refresh_counter_reg[9]
  -------------------------------------------------------------------
                         required time                         15.132    
                         arrival time                          -7.606    
  -------------------------------------------------------------------
                         slack                                  7.526    

Slack (MET) :             7.534ns  (required time - arrival time)
  Source:                 ssd/refresh_counter_reg[1]/C
                            (rising edge-triggered cell FDRE clocked by sys_clk_pin  {rise@0.000ns fall@5.000ns period=10.000ns})
  Destination:            ssd/refresh_counter_reg[11]/D
                            (rising edge-triggered cell FDRE clocked by sys_clk_pin  {rise@0.000ns fall@5.000ns period=10.000ns})
  Path Group:             sys_clk_pin
  Path Type:              Setup (Max at Slow Process Corner)
  Requirement:            10.000ns  (sys_clk_pin rise@10.000ns - sys_clk_pin rise@0.000ns)
  Data Path Delay:        2.513ns  (logic 1.607ns (63.947%)  route 0.906ns (36.053%))
  Logic Levels:           3  (CARRY4=3)
  Clock Path Skew:        -0.027ns (DCD - SCD + CPR)
    Destination Clock Delay (DCD):    4.784ns = ( 14.784 - 10.000 ) 
    Source Clock Delay      (SCD):    5.085ns
    Clock Pessimism Removal (CPR):    0.274ns
  Clock Uncertainty:      0.035ns  ((TSJ^2 + TIJ^2)^1/2 + DJ) / 2 + PE
    Total System Jitter     (TSJ):    0.071ns
    Total Input Jitter      (TIJ):    0.000ns
    Discrete Jitter          (DJ):    0.000ns
    Phase Error              (PE):    0.000ns

    Location             Delay type                Incr(ns)  Path(ns)    Netlist Resource(s)
  -------------------------------------------------------------------    -------------------
                         (clock sys_clk_pin rise edge)
                                                      0.000     0.000 r  
    W5                                                0.000     0.000 r  clk (IN)
                         net (fo=0)                   0.000     0.000    clk
    W5                   IBUF (Prop_ibuf_I_O)         1.458     1.458 r  clk_IBUF_inst/O
                         net (fo=1, routed)           1.967     3.425    clk_IBUF
    BUFGCTRL_X0Y1        BUFG (Prop_bufg_I_O)         0.096     3.521 r  clk_IBUF_BUFG_inst/O
                         net (fo=46, routed)          1.564     5.085    ssd/clk
    SLICE_X46Y11         FDRE                                         r  ssd/refresh_counter_reg[1]/C
  -------------------------------------------------------------------    -------------------
    SLICE_X46Y11         FDRE (Prop_fdre_C_Q)         0.518     5.603 r  ssd/refresh_counter_reg[1]/Q
                         net (fo=1, routed)           0.906     6.509    ssd/refresh_counter_reg_n_0_[1]
    SLICE_X46Y11         CARRY4 (Prop_carry4_S[1]_CO[3])
                                                      0.657     7.166 r  ssd/refresh_counter_reg[0]_i_1/CO[3]
                         net (fo=1, routed)           0.000     7.166    ssd/refresh_counter_reg[0]_i_1_n_0
    SLICE_X46Y12         CARRY4 (Prop_carry4_CI_CO[3])
                                                      0.117     7.283 r  ssd/refresh_counter_reg[4]_i_1/CO[3]
                         net (fo=1, routed)           0.000     7.283    ssd/refresh_counter_reg[4]_i_1_n_0
    SLICE_X46Y13         CARRY4 (Prop_carry4_CI_O[3])
                                                      0.315     7.598 r  ssd/refresh_counter_reg[8]_i_1/O[3]
                         net (fo=1, routed)           0.000     7.598    ssd/refresh_counter_reg[8]_i_1_n_4
    SLICE_X46Y13         FDRE                                         r  ssd/refresh_counter_reg[11]/D
  -------------------------------------------------------------------    -------------------

                         (clock sys_clk_pin rise edge)
                                                     10.000    10.000 r  
    W5                                                0.000    10.000 r  clk (IN)
                         net (fo=0)                   0.000    10.000    clk
    W5                   IBUF (Prop_ibuf_I_O)         1.388    11.388 r  clk_IBUF_inst/O
                         net (fo=1, routed)           1.862    13.250    clk_IBUF
    BUFGCTRL_X0Y1        BUFG (Prop_bufg_I_O)         0.091    13.341 r  clk_IBUF_BUFG_inst/O
                         net (fo=46, routed)          1.443    14.784    ssd/clk
    SLICE_X46Y13         FDRE                                         r  ssd/refresh_counter_reg[11]/C
                         clock pessimism              0.274    15.058    
                         clock uncertainty           -0.035    15.023    
    SLICE_X46Y13         FDRE (Setup_fdre_C_D)        0.109    15.132    ssd/refresh_counter_reg[11]
  -------------------------------------------------------------------
                         required time                         15.132    
                         arrival time                          -7.598    
  -------------------------------------------------------------------
                         slack                                  7.534    

Slack (MET) :             7.578ns  (required time - arrival time)
  Source:                 clk_div_inst/counter_reg[1]/C
                            (rising edge-triggered cell FDRE clocked by sys_clk_pin  {rise@0.000ns fall@5.000ns period=10.000ns})
  Destination:            clk_div_inst/counter_reg[26]/D
                            (rising edge-triggered cell FDRE clocked by sys_clk_pin  {rise@0.000ns fall@5.000ns period=10.000ns})
  Path Group:             sys_clk_pin
  Path Type:              Setup (Max at Slow Process Corner)
  Requirement:            10.000ns  (sys_clk_pin rise@10.000ns - sys_clk_pin rise@0.000ns)
  Data Path Delay:        2.419ns  (logic 1.939ns (80.141%)  route 0.480ns (19.859%))
  Logic Levels:           7  (CARRY4=7)
  Clock Path Skew:        -0.029ns (DCD - SCD + CPR)
    Destination Clock Delay (DCD):    4.787ns = ( 14.787 - 10.000 ) 
    Source Clock Delay      (SCD):    5.090ns
    Clock Pessimism Removal (CPR):    0.274ns
  Clock Uncertainty:      0.035ns  ((TSJ^2 + TIJ^2)^1/2 + DJ) / 2 + PE
    Total System Jitter     (TSJ):    0.071ns
    Total Input Jitter      (TIJ):    0.000ns
    Discrete Jitter          (DJ):    0.000ns
    Phase Error              (PE):    0.000ns

    Location             Delay type                Incr(ns)  Path(ns)    Netlist Resource(s)
  -------------------------------------------------------------------    -------------------
                         (clock sys_clk_pin rise edge)
                                                      0.000     0.000 r  
    W5                                                0.000     0.000 r  clk (IN)
                         net (fo=0)                   0.000     0.000    clk
    W5                   IBUF (Prop_ibuf_I_O)         1.458     1.458 r  clk_IBUF_inst/O
                         net (fo=1, routed)           1.967     3.425    clk_IBUF
    BUFGCTRL_X0Y1        BUFG (Prop_bufg_I_O)         0.096     3.521 r  clk_IBUF_BUFG_inst/O
                         net (fo=46, routed)          1.569     5.090    clk_div_inst/clk
    SLICE_X15Y6          FDRE                                         r  clk_div_inst/counter_reg[1]/C
  -------------------------------------------------------------------    -------------------
    SLICE_X15Y6          FDRE (Prop_fdre_C_Q)         0.456     5.546 r  clk_div_inst/counter_reg[1]/Q
                         net (fo=1, routed)           0.480     6.027    clk_div_inst/counter_reg_n_0_[1]
    SLICE_X15Y6          CARRY4 (Prop_carry4_S[1]_CO[3])
                                                      0.674     6.701 r  clk_div_inst/counter_reg[0]_i_1/CO[3]
                         net (fo=1, routed)           0.000     6.701    clk_div_inst/counter_reg[0]_i_1_n_0
    SLICE_X15Y7          CARRY4 (Prop_carry4_CI_CO[3])
                                                      0.114     6.815 r  clk_div_inst/counter_reg[4]_i_1/CO[3]
                         net (fo=1, routed)           0.000     6.815    clk_div_inst/counter_reg[4]_i_1_n_0
    SLICE_X15Y8          CARRY4 (Prop_carry4_CI_CO[3])
                                                      0.114     6.929 r  clk_div_inst/counter_reg[8]_i_1/CO[3]
                         net (fo=1, routed)           0.000     6.929    clk_div_inst/counter_reg[8]_i_1_n_0
    SLICE_X15Y9          CARRY4 (Prop_carry4_CI_CO[3])
                                                      0.114     7.043 r  clk_div_inst/counter_reg[12]_i_1/CO[3]
                         net (fo=1, routed)           0.000     7.043    clk_div_inst/counter_reg[12]_i_1_n_0
    SLICE_X15Y10         CARRY4 (Prop_carry4_CI_CO[3])
                                                      0.114     7.157 r  clk_div_inst/counter_reg[16]_i_1/CO[3]
                         net (fo=1, routed)           0.000     7.157    clk_div_inst/counter_reg[16]_i_1_n_0
    SLICE_X15Y11         CARRY4 (Prop_carry4_CI_CO[3])
                                                      0.114     7.271 r  clk_div_inst/counter_reg[20]_i_1/CO[3]
                         net (fo=1, routed)           0.000     7.271    clk_div_inst/counter_reg[20]_i_1_n_0
    SLICE_X15Y12         CARRY4 (Prop_carry4_CI_O[2])
                                                      0.239     7.510 r  clk_div_inst/counter_reg[24]_i_1/O[2]
                         net (fo=1, routed)           0.000     7.510    clk_div_inst/counter_reg[24]_i_1_n_5
    SLICE_X15Y12         FDRE                                         r  clk_div_inst/counter_reg[26]/D
  -------------------------------------------------------------------    -------------------

                         (clock sys_clk_pin rise edge)
                                                     10.000    10.000 r  
    W5                                                0.000    10.000 r  clk (IN)
                         net (fo=0)                   0.000    10.000    clk
    W5                   IBUF (Prop_ibuf_I_O)         1.388    11.388 r  clk_IBUF_inst/O
                         net (fo=1, routed)           1.862    13.250    clk_IBUF
    BUFGCTRL_X0Y1        BUFG (Prop_bufg_I_O)         0.091    13.341 r  clk_IBUF_BUFG_inst/O
                         net (fo=46, routed)          1.446    14.787    clk_div_inst/clk
    SLICE_X15Y12         FDRE                                         r  clk_div_inst/counter_reg[26]/C
                         clock pessimism              0.274    15.061    
                         clock uncertainty           -0.035    15.026    
    SLICE_X15Y12         FDRE (Setup_fdre_C_D)        0.062    15.088    clk_div_inst/counter_reg[26]
  -------------------------------------------------------------------
                         required time                         15.088    
                         arrival time                          -7.510    
  -------------------------------------------------------------------
                         slack                                  7.578    





Min Delay Paths
--------------------------------------------------------------------------------------
Slack (MET) :             0.252ns  (arrival time - required time)
  Source:                 clk_div_inst/counter_reg[3]/C
                            (rising edge-triggered cell FDRE clocked by sys_clk_pin  {rise@0.000ns fall@5.000ns period=10.000ns})
  Destination:            clk_div_inst/counter_reg[3]/D
                            (rising edge-triggered cell FDRE clocked by sys_clk_pin  {rise@0.000ns fall@5.000ns period=10.000ns})
  Path Group:             sys_clk_pin
  Path Type:              Hold (Min at Fast Process Corner)
  Requirement:            0.000ns  (sys_clk_pin rise@0.000ns - sys_clk_pin rise@0.000ns)
  Data Path Delay:        0.357ns  (logic 0.249ns (69.714%)  route 0.108ns (30.286%))
  Logic Levels:           1  (CARRY4=1)
  Clock Path Skew:        0.000ns (DCD - SCD - CPR)
    Destination Clock Delay (DCD):    1.963ns
    Source Clock Delay      (SCD):    1.449ns
    Clock Pessimism Removal (CPR):    0.514ns

    Location             Delay type                Incr(ns)  Path(ns)    Netlist Resource(s)
  -------------------------------------------------------------------    -------------------
                         (clock sys_clk_pin rise edge)
                                                      0.000     0.000 r  
    W5                                                0.000     0.000 r  clk (IN)
                         net (fo=0)                   0.000     0.000    clk
    W5                   IBUF (Prop_ibuf_I_O)         0.226     0.226 r  clk_IBUF_inst/O
                         net (fo=1, routed)           0.631     0.858    clk_IBUF
    BUFGCTRL_X0Y1        BUFG (Prop_bufg_I_O)         0.026     0.884 r  clk_IBUF_BUFG_inst/O
                         net (fo=46, routed)          0.566     1.449    clk_div_inst/clk
    SLICE_X15Y6          FDRE                                         r  clk_div_inst/counter_reg[3]/C
  -------------------------------------------------------------------    -------------------
    SLICE_X15Y6          FDRE (Prop_fdre_C_Q)         0.141     1.590 r  clk_div_inst/counter_reg[3]/Q
                         net (fo=1, routed)           0.108     1.698    clk_div_inst/counter_reg_n_0_[3]
    SLICE_X15Y6          CARRY4 (Prop_carry4_S[3]_O[3])
                                                      0.108     1.806 r  clk_div_inst/counter_reg[0]_i_1/O[3]
                         net (fo=1, routed)           0.000     1.806    clk_div_inst/counter_reg[0]_i_1_n_4
    SLICE_X15Y6          FDRE                                         r  clk_div_inst/counter_reg[3]/D
  -------------------------------------------------------------------    -------------------

                         (clock sys_clk_pin rise edge)
                                                      0.000     0.000 r  
    W5                                                0.000     0.000 r  clk (IN)
                         net (fo=0)                   0.000     0.000    clk
    W5                   IBUF (Prop_ibuf_I_O)         0.414     0.414 r  clk_IBUF_inst/O
                         net (fo=1, routed)           0.685     1.099    clk_IBUF
    BUFGCTRL_X0Y1        BUFG (Prop_bufg_I_O)         0.029     1.128 r  clk_IBUF_BUFG_inst/O
                         net (fo=46, routed)          0.836     1.963    clk_div_inst/clk
    SLICE_X15Y6          FDRE                                         r  clk_div_inst/counter_reg[3]/C
                         clock pessimism             -0.514     1.449    
    SLICE_X15Y6          FDRE (Hold_fdre_C_D)         0.105     1.554    clk_div_inst/counter_reg[3]
  -------------------------------------------------------------------
                         required time                         -1.554    
                         arrival time                           1.806    
  -------------------------------------------------------------------
                         slack                                  0.252    

Slack (MET) :             0.252ns  (arrival time - required time)
  Source:                 clk_div_inst/counter_reg[19]/C
                            (rising edge-triggered cell FDRE clocked by sys_clk_pin  {rise@0.000ns fall@5.000ns period=10.000ns})
  Destination:            clk_div_inst/counter_reg[19]/D
                            (rising edge-triggered cell FDRE clocked by sys_clk_pin  {rise@0.000ns fall@5.000ns period=10.000ns})
  Path Group:             sys_clk_pin
  Path Type:              Hold (Min at Fast Process Corner)
  Requirement:            0.000ns  (sys_clk_pin rise@0.000ns - sys_clk_pin rise@0.000ns)
  Data Path Delay:        0.357ns  (logic 0.249ns (69.714%)  route 0.108ns (30.286%))
  Logic Levels:           1  (CARRY4=1)
  Clock Path Skew:        0.000ns (DCD - SCD - CPR)
    Destination Clock Delay (DCD):    1.961ns
    Source Clock Delay      (SCD):    1.447ns
    Clock Pessimism Removal (CPR):    0.514ns

    Location             Delay type                Incr(ns)  Path(ns)    Netlist Resource(s)
  -------------------------------------------------------------------    -------------------
                         (clock sys_clk_pin rise edge)
                                                      0.000     0.000 r  
    W5                                                0.000     0.000 r  clk (IN)
                         net (fo=0)                   0.000     0.000    clk
    W5                   IBUF (Prop_ibuf_I_O)         0.226     0.226 r  clk_IBUF_inst/O
                         net (fo=1, routed)           0.631     0.858    clk_IBUF
    BUFGCTRL_X0Y1        BUFG (Prop_bufg_I_O)         0.026     0.884 r  clk_IBUF_BUFG_inst/O
                         net (fo=46, routed)          0.564     1.447    clk_div_inst/clk
    SLICE_X15Y10         FDRE                                         r  clk_div_inst/counter_reg[19]/C
  -------------------------------------------------------------------    -------------------
    SLICE_X15Y10         FDRE (Prop_fdre_C_Q)         0.141     1.588 r  clk_div_inst/counter_reg[19]/Q
                         net (fo=1, routed)           0.108     1.696    clk_div_inst/counter_reg_n_0_[19]
    SLICE_X15Y10         CARRY4 (Prop_carry4_S[3]_O[3])
                                                      0.108     1.804 r  clk_div_inst/counter_reg[16]_i_1/O[3]
                         net (fo=1, routed)           0.000     1.804    clk_div_inst/counter_reg[16]_i_1_n_4
    SLICE_X15Y10         FDRE                                         r  clk_div_inst/counter_reg[19]/D
  -------------------------------------------------------------------    -------------------

                         (clock sys_clk_pin rise edge)
                                                      0.000     0.000 r  
    W5                                                0.000     0.000 r  clk (IN)
                         net (fo=0)                   0.000     0.000    clk
    W5                   IBUF (Prop_ibuf_I_O)         0.414     0.414 r  clk_IBUF_inst/O
                         net (fo=1, routed)           0.685     1.099    clk_IBUF
    BUFGCTRL_X0Y1        BUFG (Prop_bufg_I_O)         0.029     1.128 r  clk_IBUF_BUFG_inst/O
                         net (fo=46, routed)          0.834     1.961    clk_div_inst/clk
    SLICE_X15Y10         FDRE                                         r  clk_div_inst/counter_reg[19]/C
                         clock pessimism             -0.514     1.447    
    SLICE_X15Y10         FDRE (Hold_fdre_C_D)         0.105     1.552    clk_div_inst/counter_reg[19]
  -------------------------------------------------------------------
                         required time                         -1.552    
                         arrival time                           1.804    
  -------------------------------------------------------------------
                         slack                                  0.252    

Slack (MET) :             0.252ns  (arrival time - required time)
  Source:                 clk_div_inst/counter_reg[23]/C
                            (rising edge-triggered cell FDRE clocked by sys_clk_pin  {rise@0.000ns fall@5.000ns period=10.000ns})
  Destination:            clk_div_inst/counter_reg[23]/D
                            (rising edge-triggered cell FDRE clocked by sys_clk_pin  {rise@0.000ns fall@5.000ns period=10.000ns})
  Path Group:             sys_clk_pin
  Path Type:              Hold (Min at Fast Process Corner)
  Requirement:            0.000ns  (sys_clk_pin rise@0.000ns - sys_clk_pin rise@0.000ns)
  Data Path Delay:        0.357ns  (logic 0.249ns (69.714%)  route 0.108ns (30.286%))
  Logic Levels:           1  (CARRY4=1)
  Clock Path Skew:        0.000ns (DCD - SCD - CPR)
    Destination Clock Delay (DCD):    1.961ns
    Source Clock Delay      (SCD):    1.447ns
    Clock Pessimism Removal (CPR):    0.514ns

    Location             Delay type                Incr(ns)  Path(ns)    Netlist Resource(s)
  -------------------------------------------------------------------    -------------------
                         (clock sys_clk_pin rise edge)
                                                      0.000     0.000 r  
    W5                                                0.000     0.000 r  clk (IN)
                         net (fo=0)                   0.000     0.000    clk
    W5                   IBUF (Prop_ibuf_I_O)         0.226     0.226 r  clk_IBUF_inst/O
                         net (fo=1, routed)           0.631     0.858    clk_IBUF
    BUFGCTRL_X0Y1        BUFG (Prop_bufg_I_O)         0.026     0.884 r  clk_IBUF_BUFG_inst/O
                         net (fo=46, routed)          0.564     1.447    clk_div_inst/clk
    SLICE_X15Y11         FDRE                                         r  clk_div_inst/counter_reg[23]/C
  -------------------------------------------------------------------    -------------------
    SLICE_X15Y11         FDRE (Prop_fdre_C_Q)         0.141     1.588 r  clk_div_inst/counter_reg[23]/Q
                         net (fo=1, routed)           0.108     1.696    clk_div_inst/counter_reg_n_0_[23]
    SLICE_X15Y11         CARRY4 (Prop_carry4_S[3]_O[3])
                                                      0.108     1.804 r  clk_div_inst/counter_reg[20]_i_1/O[3]
                         net (fo=1, routed)           0.000     1.804    clk_div_inst/counter_reg[20]_i_1_n_4
    SLICE_X15Y11         FDRE                                         r  clk_div_inst/counter_reg[23]/D
  -------------------------------------------------------------------    -------------------

                         (clock sys_clk_pin rise edge)
                                                      0.000     0.000 r  
    W5                                                0.000     0.000 r  clk (IN)
                         net (fo=0)                   0.000     0.000    clk
    W5                   IBUF (Prop_ibuf_I_O)         0.414     0.414 r  clk_IBUF_inst/O
                         net (fo=1, routed)           0.685     1.099    clk_IBUF
    BUFGCTRL_X0Y1        BUFG (Prop_bufg_I_O)         0.029     1.128 r  clk_IBUF_BUFG_inst/O
                         net (fo=46, routed)          0.834     1.961    clk_div_inst/clk
    SLICE_X15Y11         FDRE                                         r  clk_div_inst/counter_reg[23]/C
                         clock pessimism             -0.514     1.447    
    SLICE_X15Y11         FDRE (Hold_fdre_C_D)         0.105     1.552    clk_div_inst/counter_reg[23]
  -------------------------------------------------------------------
                         required time                         -1.552    
                         arrival time                           1.804    
  -------------------------------------------------------------------
                         slack                                  0.252    

Slack (MET) :             0.252ns  (arrival time - required time)
  Source:                 clk_div_inst/counter_reg[11]/C
                            (rising edge-triggered cell FDRE clocked by sys_clk_pin  {rise@0.000ns fall@5.000ns period=10.000ns})
  Destination:            clk_div_inst/counter_reg[11]/D
                            (rising edge-triggered cell FDRE clocked by sys_clk_pin  {rise@0.000ns fall@5.000ns period=10.000ns})
  Path Group:             sys_clk_pin
  Path Type:              Hold (Min at Fast Process Corner)
  Requirement:            0.000ns  (sys_clk_pin rise@0.000ns - sys_clk_pin rise@0.000ns)
  Data Path Delay:        0.357ns  (logic 0.249ns (69.714%)  route 0.108ns (30.286%))
  Logic Levels:           1  (CARRY4=1)
  Clock Path Skew:        0.000ns (DCD - SCD - CPR)
    Destination Clock Delay (DCD):    1.962ns
    Source Clock Delay      (SCD):    1.448ns
    Clock Pessimism Removal (CPR):    0.514ns

    Location             Delay type                Incr(ns)  Path(ns)    Netlist Resource(s)
  -------------------------------------------------------------------    -------------------
                         (clock sys_clk_pin rise edge)
                                                      0.000     0.000 r  
    W5                                                0.000     0.000 r  clk (IN)
                         net (fo=0)                   0.000     0.000    clk
    W5                   IBUF (Prop_ibuf_I_O)         0.226     0.226 r  clk_IBUF_inst/O
                         net (fo=1, routed)           0.631     0.858    clk_IBUF
    BUFGCTRL_X0Y1        BUFG (Prop_bufg_I_O)         0.026     0.884 r  clk_IBUF_BUFG_inst/O
                         net (fo=46, routed)          0.565     1.448    clk_div_inst/clk
    SLICE_X15Y8          FDRE                                         r  clk_div_inst/counter_reg[11]/C
  -------------------------------------------------------------------    -------------------
    SLICE_X15Y8          FDRE (Prop_fdre_C_Q)         0.141     1.589 r  clk_div_inst/counter_reg[11]/Q
                         net (fo=1, routed)           0.108     1.697    clk_div_inst/counter_reg_n_0_[11]
    SLICE_X15Y8          CARRY4 (Prop_carry4_S[3]_O[3])
                                                      0.108     1.805 r  clk_div_inst/counter_reg[8]_i_1/O[3]
                         net (fo=1, routed)           0.000     1.805    clk_div_inst/counter_reg[8]_i_1_n_4
    SLICE_X15Y8          FDRE                                         r  clk_div_inst/counter_reg[11]/D
  -------------------------------------------------------------------    -------------------

                         (clock sys_clk_pin rise edge)
                                                      0.000     0.000 r  
    W5                                                0.000     0.000 r  clk (IN)
                         net (fo=0)                   0.000     0.000    clk
    W5                   IBUF (Prop_ibuf_I_O)         0.414     0.414 r  clk_IBUF_inst/O
                         net (fo=1, routed)           0.685     1.099    clk_IBUF
    BUFGCTRL_X0Y1        BUFG (Prop_bufg_I_O)         0.029     1.128 r  clk_IBUF_BUFG_inst/O
                         net (fo=46, routed)          0.835     1.962    clk_div_inst/clk
    SLICE_X15Y8          FDRE                                         r  clk_div_inst/counter_reg[11]/C
                         clock pessimism             -0.514     1.448    
    SLICE_X15Y8          FDRE (Hold_fdre_C_D)         0.105     1.553    clk_div_inst/counter_reg[11]
  -------------------------------------------------------------------
                         required time                         -1.553    
                         arrival time                           1.805    
  -------------------------------------------------------------------
                         slack                                  0.252    

Slack (MET) :             0.252ns  (arrival time - required time)
  Source:                 clk_div_inst/counter_reg[15]/C
                            (rising edge-triggered cell FDRE clocked by sys_clk_pin  {rise@0.000ns fall@5.000ns period=10.000ns})
  Destination:            clk_div_inst/counter_reg[15]/D
                            (rising edge-triggered cell FDRE clocked by sys_clk_pin  {rise@0.000ns fall@5.000ns period=10.000ns})
  Path Group:             sys_clk_pin
  Path Type:              Hold (Min at Fast Process Corner)
  Requirement:            0.000ns  (sys_clk_pin rise@0.000ns - sys_clk_pin rise@0.000ns)
  Data Path Delay:        0.357ns  (logic 0.249ns (69.714%)  route 0.108ns (30.286%))
  Logic Levels:           1  (CARRY4=1)
  Clock Path Skew:        0.000ns (DCD - SCD - CPR)
    Destination Clock Delay (DCD):    1.962ns
    Source Clock Delay      (SCD):    1.448ns
    Clock Pessimism Removal (CPR):    0.514ns

    Location             Delay type                Incr(ns)  Path(ns)    Netlist Resource(s)
  -------------------------------------------------------------------    -------------------
                         (clock sys_clk_pin rise edge)
                                                      0.000     0.000 r  
    W5                                                0.000     0.000 r  clk (IN)
                         net (fo=0)                   0.000     0.000    clk
    W5                   IBUF (Prop_ibuf_I_O)         0.226     0.226 r  clk_IBUF_inst/O
                         net (fo=1, routed)           0.631     0.858    clk_IBUF
    BUFGCTRL_X0Y1        BUFG (Prop_bufg_I_O)         0.026     0.884 r  clk_IBUF_BUFG_inst/O
                         net (fo=46, routed)          0.565     1.448    clk_div_inst/clk
    SLICE_X15Y9          FDRE                                         r  clk_div_inst/counter_reg[15]/C
  -------------------------------------------------------------------    -------------------
    SLICE_X15Y9          FDRE (Prop_fdre_C_Q)         0.141     1.589 r  clk_div_inst/counter_reg[15]/Q
                         net (fo=1, routed)           0.108     1.697    clk_div_inst/counter_reg_n_0_[15]
    SLICE_X15Y9          CARRY4 (Prop_carry4_S[3]_O[3])
                                                      0.108     1.805 r  clk_div_inst/counter_reg[12]_i_1/O[3]
                         net (fo=1, routed)           0.000     1.805    clk_div_inst/counter_reg[12]_i_1_n_4
    SLICE_X15Y9          FDRE                                         r  clk_div_inst/counter_reg[15]/D
  -------------------------------------------------------------------    -------------------

                         (clock sys_clk_pin rise edge)
                                                      0.000     0.000 r  
    W5                                                0.000     0.000 r  clk (IN)
                         net (fo=0)                   0.000     0.000    clk
    W5                   IBUF (Prop_ibuf_I_O)         0.414     0.414 r  clk_IBUF_inst/O
                         net (fo=1, routed)           0.685     1.099    clk_IBUF
    BUFGCTRL_X0Y1        BUFG (Prop_bufg_I_O)         0.029     1.128 r  clk_IBUF_BUFG_inst/O
                         net (fo=46, routed)          0.835     1.962    clk_div_inst/clk
    SLICE_X15Y9          FDRE                                         r  clk_div_inst/counter_reg[15]/C
                         clock pessimism             -0.514     1.448    
    SLICE_X15Y9          FDRE (Hold_fdre_C_D)         0.105     1.553    clk_div_inst/counter_reg[15]
  -------------------------------------------------------------------
                         required time                         -1.553    
                         arrival time                           1.805    
  -------------------------------------------------------------------
                         slack                                  0.252    

Slack (MET) :             0.252ns  (arrival time - required time)
  Source:                 clk_div_inst/counter_reg[7]/C
                            (rising edge-triggered cell FDRE clocked by sys_clk_pin  {rise@0.000ns fall@5.000ns period=10.000ns})
  Destination:            clk_div_inst/counter_reg[7]/D
                            (rising edge-triggered cell FDRE clocked by sys_clk_pin  {rise@0.000ns fall@5.000ns period=10.000ns})
  Path Group:             sys_clk_pin
  Path Type:              Hold (Min at Fast Process Corner)
  Requirement:            0.000ns  (sys_clk_pin rise@0.000ns - sys_clk_pin rise@0.000ns)
  Data Path Delay:        0.357ns  (logic 0.249ns (69.714%)  route 0.108ns (30.286%))
  Logic Levels:           1  (CARRY4=1)
  Clock Path Skew:        0.000ns (DCD - SCD - CPR)
    Destination Clock Delay (DCD):    1.962ns
    Source Clock Delay      (SCD):    1.448ns
    Clock Pessimism Removal (CPR):    0.514ns

    Location             Delay type                Incr(ns)  Path(ns)    Netlist Resource(s)
  -------------------------------------------------------------------    -------------------
                         (clock sys_clk_pin rise edge)
                                                      0.000     0.000 r  
    W5                                                0.000     0.000 r  clk (IN)
                         net (fo=0)                   0.000     0.000    clk
    W5                   IBUF (Prop_ibuf_I_O)         0.226     0.226 r  clk_IBUF_inst/O
                         net (fo=1, routed)           0.631     0.858    clk_IBUF
    BUFGCTRL_X0Y1        BUFG (Prop_bufg_I_O)         0.026     0.884 r  clk_IBUF_BUFG_inst/O
                         net (fo=46, routed)          0.565     1.448    clk_div_inst/clk
    SLICE_X15Y7          FDRE                                         r  clk_div_inst/counter_reg[7]/C
  -------------------------------------------------------------------    -------------------
    SLICE_X15Y7          FDRE (Prop_fdre_C_Q)         0.141     1.589 r  clk_div_inst/counter_reg[7]/Q
                         net (fo=1, routed)           0.108     1.697    clk_div_inst/counter_reg_n_0_[7]
    SLICE_X15Y7          CARRY4 (Prop_carry4_S[3]_O[3])
                                                      0.108     1.805 r  clk_div_inst/counter_reg[4]_i_1/O[3]
                         net (fo=1, routed)           0.000     1.805    clk_div_inst/counter_reg[4]_i_1_n_4
    SLICE_X15Y7          FDRE                                         r  clk_div_inst/counter_reg[7]/D
  -------------------------------------------------------------------    -------------------

                         (clock sys_clk_pin rise edge)
                                                      0.000     0.000 r  
    W5                                                0.000     0.000 r  clk (IN)
                         net (fo=0)                   0.000     0.000    clk
    W5                   IBUF (Prop_ibuf_I_O)         0.414     0.414 r  clk_IBUF_inst/O
                         net (fo=1, routed)           0.685     1.099    clk_IBUF
    BUFGCTRL_X0Y1        BUFG (Prop_bufg_I_O)         0.029     1.128 r  clk_IBUF_BUFG_inst/O
                         net (fo=46, routed)          0.835     1.962    clk_div_inst/clk
    SLICE_X15Y7          FDRE                                         r  clk_div_inst/counter_reg[7]/C
                         clock pessimism             -0.514     1.448    
    SLICE_X15Y7          FDRE (Hold_fdre_C_D)         0.105     1.553    clk_div_inst/counter_reg[7]
  -------------------------------------------------------------------
                         required time                         -1.553    
                         arrival time                           1.805    
  -------------------------------------------------------------------
                         slack                                  0.252    

Slack (MET) :             0.254ns  (arrival time - required time)
  Source:                 ssd/refresh_counter_reg[10]/C
                            (rising edge-triggered cell FDRE clocked by sys_clk_pin  {rise@0.000ns fall@5.000ns period=10.000ns})
  Destination:            ssd/refresh_counter_reg[10]/D
                            (rising edge-triggered cell FDRE clocked by sys_clk_pin  {rise@0.000ns fall@5.000ns period=10.000ns})
  Path Group:             sys_clk_pin
  Path Type:              Hold (Min at Fast Process Corner)
  Requirement:            0.000ns  (sys_clk_pin rise@0.000ns - sys_clk_pin rise@0.000ns)
  Data Path Delay:        0.388ns  (logic 0.274ns (70.550%)  route 0.114ns (29.450%))
  Logic Levels:           1  (CARRY4=1)
  Clock Path Skew:        0.000ns (DCD - SCD - CPR)
    Destination Clock Delay (DCD):    1.956ns
    Source Clock Delay      (SCD):    1.443ns
    Clock Pessimism Removal (CPR):    0.513ns

    Location             Delay type                Incr(ns)  Path(ns)    Netlist Resource(s)
  -------------------------------------------------------------------    -------------------
                         (clock sys_clk_pin rise edge)
                                                      0.000     0.000 r  
    W5                                                0.000     0.000 r  clk (IN)
                         net (fo=0)                   0.000     0.000    clk
    W5                   IBUF (Prop_ibuf_I_O)         0.226     0.226 r  clk_IBUF_inst/O
                         net (fo=1, routed)           0.631     0.858    clk_IBUF
    BUFGCTRL_X0Y1        BUFG (Prop_bufg_I_O)         0.026     0.884 r  clk_IBUF_BUFG_inst/O
                         net (fo=46, routed)          0.560     1.443    ssd/clk
    SLICE_X46Y13         FDRE                                         r  ssd/refresh_counter_reg[10]/C
  -------------------------------------------------------------------    -------------------
    SLICE_X46Y13         FDRE (Prop_fdre_C_Q)         0.164     1.607 r  ssd/refresh_counter_reg[10]/Q
                         net (fo=1, routed)           0.114     1.722    ssd/refresh_counter_reg_n_0_[10]
    SLICE_X46Y13         CARRY4 (Prop_carry4_S[2]_O[2])
                                                      0.110     1.832 r  ssd/refresh_counter_reg[8]_i_1/O[2]
                         net (fo=1, routed)           0.000     1.832    ssd/refresh_counter_reg[8]_i_1_n_5
    SLICE_X46Y13         FDRE                                         r  ssd/refresh_counter_reg[10]/D
  -------------------------------------------------------------------    -------------------

                         (clock sys_clk_pin rise edge)
                                                      0.000     0.000 r  
    W5                                                0.000     0.000 r  clk (IN)
                         net (fo=0)                   0.000     0.000    clk
    W5                   IBUF (Prop_ibuf_I_O)         0.414     0.414 r  clk_IBUF_inst/O
                         net (fo=1, routed)           0.685     1.099    clk_IBUF
    BUFGCTRL_X0Y1        BUFG (Prop_bufg_I_O)         0.029     1.128 r  clk_IBUF_BUFG_inst/O
                         net (fo=46, routed)          0.829     1.956    ssd/clk
    SLICE_X46Y13         FDRE                                         r  ssd/refresh_counter_reg[10]/C
                         clock pessimism             -0.513     1.443    
    SLICE_X46Y13         FDRE (Hold_fdre_C_D)         0.134     1.577    ssd/refresh_counter_reg[10]
  -------------------------------------------------------------------
                         required time                         -1.577    
                         arrival time                           1.832    
  -------------------------------------------------------------------
                         slack                                  0.254    

Slack (MET) :             0.254ns  (arrival time - required time)
  Source:                 ssd/refresh_counter_reg[14]/C
                            (rising edge-triggered cell FDRE clocked by sys_clk_pin  {rise@0.000ns fall@5.000ns period=10.000ns})
  Destination:            ssd/refresh_counter_reg[14]/D
                            (rising edge-triggered cell FDRE clocked by sys_clk_pin  {rise@0.000ns fall@5.000ns period=10.000ns})
  Path Group:             sys_clk_pin
  Path Type:              Hold (Min at Fast Process Corner)
  Requirement:            0.000ns  (sys_clk_pin rise@0.000ns - sys_clk_pin rise@0.000ns)
  Data Path Delay:        0.388ns  (logic 0.274ns (70.550%)  route 0.114ns (29.450%))
  Logic Levels:           1  (CARRY4=1)
  Clock Path Skew:        0.000ns (DCD - SCD - CPR)
    Destination Clock Delay (DCD):    1.956ns
    Source Clock Delay      (SCD):    1.443ns
    Clock Pessimism Removal (CPR):    0.513ns

    Location             Delay type                Incr(ns)  Path(ns)    Netlist Resource(s)
  -------------------------------------------------------------------    -------------------
                         (clock sys_clk_pin rise edge)
                                                      0.000     0.000 r  
    W5                                                0.000     0.000 r  clk (IN)
                         net (fo=0)                   0.000     0.000    clk
    W5                   IBUF (Prop_ibuf_I_O)         0.226     0.226 r  clk_IBUF_inst/O
                         net (fo=1, routed)           0.631     0.858    clk_IBUF
    BUFGCTRL_X0Y1        BUFG (Prop_bufg_I_O)         0.026     0.884 r  clk_IBUF_BUFG_inst/O
                         net (fo=46, routed)          0.560     1.443    ssd/clk
    SLICE_X46Y14         FDRE                                         r  ssd/refresh_counter_reg[14]/C
  -------------------------------------------------------------------    -------------------
    SLICE_X46Y14         FDRE (Prop_fdre_C_Q)         0.164     1.607 r  ssd/refresh_counter_reg[14]/Q
                         net (fo=1, routed)           0.114     1.722    ssd/refresh_counter_reg_n_0_[14]
    SLICE_X46Y14         CARRY4 (Prop_carry4_S[2]_O[2])
                                                      0.110     1.832 r  ssd/refresh_counter_reg[12]_i_1/O[2]
                         net (fo=1, routed)           0.000     1.832    ssd/refresh_counter_reg[12]_i_1_n_5
    SLICE_X46Y14         FDRE                                         r  ssd/refresh_counter_reg[14]/D
  -------------------------------------------------------------------    -------------------

                         (clock sys_clk_pin rise edge)
                                                      0.000     0.000 r  
    W5                                                0.000     0.000 r  clk (IN)
                         net (fo=0)                   0.000     0.000    clk
    W5                   IBUF (Prop_ibuf_I_O)         0.414     0.414 r  clk_IBUF_inst/O
                         net (fo=1, routed)           0.685     1.099    clk_IBUF
    BUFGCTRL_X0Y1        BUFG (Prop_bufg_I_O)         0.029     1.128 r  clk_IBUF_BUFG_inst/O
                         net (fo=46, routed)          0.829     1.956    ssd/clk
    SLICE_X46Y14         FDRE                                         r  ssd/refresh_counter_reg[14]/C
                         clock pessimism             -0.513     1.443    
    SLICE_X46Y14         FDRE (Hold_fdre_C_D)         0.134     1.577    ssd/refresh_counter_reg[14]
  -------------------------------------------------------------------
                         required time                         -1.577    
                         arrival time                           1.832    
  -------------------------------------------------------------------
                         slack                                  0.254    

Slack (MET) :             0.254ns  (arrival time - required time)
  Source:                 ssd/refresh_counter_reg[6]/C
                            (rising edge-triggered cell FDRE clocked by sys_clk_pin  {rise@0.000ns fall@5.000ns period=10.000ns})
  Destination:            ssd/refresh_counter_reg[6]/D
                            (rising edge-triggered cell FDRE clocked by sys_clk_pin  {rise@0.000ns fall@5.000ns period=10.000ns})
  Path Group:             sys_clk_pin
  Path Type:              Hold (Min at Fast Process Corner)
  Requirement:            0.000ns  (sys_clk_pin rise@0.000ns - sys_clk_pin rise@0.000ns)
  Data Path Delay:        0.388ns  (logic 0.274ns (70.550%)  route 0.114ns (29.450%))
  Logic Levels:           1  (CARRY4=1)
  Clock Path Skew:        0.000ns (DCD - SCD - CPR)
    Destination Clock Delay (DCD):    1.957ns
    Source Clock Delay      (SCD):    1.444ns
    Clock Pessimism Removal (CPR):    0.513ns

    Location             Delay type                Incr(ns)  Path(ns)    Netlist Resource(s)
  -------------------------------------------------------------------    -------------------
                         (clock sys_clk_pin rise edge)
                                                      0.000     0.000 r  
    W5                                                0.000     0.000 r  clk (IN)
                         net (fo=0)                   0.000     0.000    clk
    W5                   IBUF (Prop_ibuf_I_O)         0.226     0.226 r  clk_IBUF_inst/O
                         net (fo=1, routed)           0.631     0.858    clk_IBUF
    BUFGCTRL_X0Y1        BUFG (Prop_bufg_I_O)         0.026     0.884 r  clk_IBUF_BUFG_inst/O
                         net (fo=46, routed)          0.561     1.444    ssd/clk
    SLICE_X46Y12         FDRE                                         r  ssd/refresh_counter_reg[6]/C
  -------------------------------------------------------------------    -------------------
    SLICE_X46Y12         FDRE (Prop_fdre_C_Q)         0.164     1.608 r  ssd/refresh_counter_reg[6]/Q
                         net (fo=1, routed)           0.114     1.723    ssd/refresh_counter_reg_n_0_[6]
    SLICE_X46Y12         CARRY4 (Prop_carry4_S[2]_O[2])
                                                      0.110     1.833 r  ssd/refresh_counter_reg[4]_i_1/O[2]
                         net (fo=1, routed)           0.000     1.833    ssd/refresh_counter_reg[4]_i_1_n_5
    SLICE_X46Y12         FDRE                                         r  ssd/refresh_counter_reg[6]/D
  -------------------------------------------------------------------    -------------------

                         (clock sys_clk_pin rise edge)
                                                      0.000     0.000 r  
    W5                                                0.000     0.000 r  clk (IN)
                         net (fo=0)                   0.000     0.000    clk
    W5                   IBUF (Prop_ibuf_I_O)         0.414     0.414 r  clk_IBUF_inst/O
                         net (fo=1, routed)           0.685     1.099    clk_IBUF
    BUFGCTRL_X0Y1        BUFG (Prop_bufg_I_O)         0.029     1.128 r  clk_IBUF_BUFG_inst/O
                         net (fo=46, routed)          0.830     1.957    ssd/clk
    SLICE_X46Y12         FDRE                                         r  ssd/refresh_counter_reg[6]/C
                         clock pessimism             -0.513     1.444    
    SLICE_X46Y12         FDRE (Hold_fdre_C_D)         0.134     1.578    ssd/refresh_counter_reg[6]
  -------------------------------------------------------------------
                         required time                         -1.578    
                         arrival time                           1.833    
  -------------------------------------------------------------------
                         slack                                  0.254    

Slack (MET) :             0.256ns  (arrival time - required time)
  Source:                 clk_div_inst/counter_reg[16]/C
                            (rising edge-triggered cell FDRE clocked by sys_clk_pin  {rise@0.000ns fall@5.000ns period=10.000ns})
  Destination:            clk_div_inst/counter_reg[16]/D
                            (rising edge-triggered cell FDRE clocked by sys_clk_pin  {rise@0.000ns fall@5.000ns period=10.000ns})
  Path Group:             sys_clk_pin
  Path Type:              Hold (Min at Fast Process Corner)
  Requirement:            0.000ns  (sys_clk_pin rise@0.000ns - sys_clk_pin rise@0.000ns)
  Data Path Delay:        0.361ns  (logic 0.256ns (70.880%)  route 0.105ns (29.120%))
  Logic Levels:           1  (CARRY4=1)
  Clock Path Skew:        0.000ns (DCD - SCD - CPR)
    Destination Clock Delay (DCD):    1.961ns
    Source Clock Delay      (SCD):    1.447ns
    Clock Pessimism Removal (CPR):    0.514ns

    Location             Delay type                Incr(ns)  Path(ns)    Netlist Resource(s)
  -------------------------------------------------------------------    -------------------
                         (clock sys_clk_pin rise edge)
                                                      0.000     0.000 r  
    W5                                                0.000     0.000 r  clk (IN)
                         net (fo=0)                   0.000     0.000    clk
    W5                   IBUF (Prop_ibuf_I_O)         0.226     0.226 r  clk_IBUF_inst/O
                         net (fo=1, routed)           0.631     0.858    clk_IBUF
    BUFGCTRL_X0Y1        BUFG (Prop_bufg_I_O)         0.026     0.884 r  clk_IBUF_BUFG_inst/O
                         net (fo=46, routed)          0.564     1.447    clk_div_inst/clk
    SLICE_X15Y10         FDRE                                         r  clk_div_inst/counter_reg[16]/C
  -------------------------------------------------------------------    -------------------
    SLICE_X15Y10         FDRE (Prop_fdre_C_Q)         0.141     1.588 r  clk_div_inst/counter_reg[16]/Q
                         net (fo=1, routed)           0.105     1.693    clk_div_inst/counter_reg_n_0_[16]
    SLICE_X15Y10         CARRY4 (Prop_carry4_S[0]_O[0])
                                                      0.115     1.808 r  clk_div_inst/counter_reg[16]_i_1/O[0]
                         net (fo=1, routed)           0.000     1.808    clk_div_inst/counter_reg[16]_i_1_n_7
    SLICE_X15Y10         FDRE                                         r  clk_div_inst/counter_reg[16]/D
  -------------------------------------------------------------------    -------------------

                         (clock sys_clk_pin rise edge)
                                                      0.000     0.000 r  
    W5                                                0.000     0.000 r  clk (IN)
                         net (fo=0)                   0.000     0.000    clk
    W5                   IBUF (Prop_ibuf_I_O)         0.414     0.414 r  clk_IBUF_inst/O
                         net (fo=1, routed)           0.685     1.099    clk_IBUF
    BUFGCTRL_X0Y1        BUFG (Prop_bufg_I_O)         0.029     1.128 r  clk_IBUF_BUFG_inst/O
                         net (fo=46, routed)          0.834     1.961    clk_div_inst/clk
    SLICE_X15Y10         FDRE                                         r  clk_div_inst/counter_reg[16]/C
                         clock pessimism             -0.514     1.447    
    SLICE_X15Y10         FDRE (Hold_fdre_C_D)         0.105     1.552    clk_div_inst/counter_reg[16]
  -------------------------------------------------------------------
                         required time                         -1.552    
                         arrival time                           1.808    
  -------------------------------------------------------------------
                         slack                                  0.256    





Pulse Width Checks
--------------------------------------------------------------------------------------
Clock Name:         sys_clk_pin
Waveform(ns):       { 0.000 5.000 }
Period(ns):         10.000
Sources:            { clk }

Check Type        Corner  Lib Pin  Reference Pin  Required(ns)  Actual(ns)  Slack(ns)  Location       Pin
Min Period        n/a     BUFG/I   n/a            2.155         10.000      7.845      BUFGCTRL_X0Y1  clk_IBUF_BUFG_inst/I
Min Period        n/a     FDRE/C   n/a            1.000         10.000      9.000      SLICE_X14Y12   btnc_prev_reg/C
Min Period        n/a     FDRE/C   n/a            1.000         10.000      9.000      SLICE_X15Y6    clk_div_inst/counter_reg[0]/C
Min Period        n/a     FDRE/C   n/a            1.000         10.000      9.000      SLICE_X15Y8    clk_div_inst/counter_reg[10]/C
Min Period        n/a     FDRE/C   n/a            1.000         10.000      9.000      SLICE_X15Y8    clk_div_inst/counter_reg[11]/C
Min Period        n/a     FDRE/C   n/a            1.000         10.000      9.000      SLICE_X15Y9    clk_div_inst/counter_reg[12]/C
Min Period        n/a     FDRE/C   n/a            1.000         10.000      9.000      SLICE_X15Y9    clk_div_inst/counter_reg[13]/C
Min Period        n/a     FDRE/C   n/a            1.000         10.000      9.000      SLICE_X15Y9    clk_div_inst/counter_reg[14]/C
Min Period        n/a     FDRE/C   n/a            1.000         10.000      9.000      SLICE_X15Y9    clk_div_inst/counter_reg[15]/C
Min Period        n/a     FDRE/C   n/a            1.000         10.000      9.000      SLICE_X15Y10   clk_div_inst/counter_reg[16]/C
Low Pulse Width   Slow    FDRE/C   n/a            0.500         5.000       4.500      SLICE_X14Y12   btnc_prev_reg/C
Low Pulse Width   Fast    FDRE/C   n/a            0.500         5.000       4.500      SLICE_X14Y12   btnc_prev_reg/C
Low Pulse Width   Slow    FDRE/C   n/a            0.500         5.000       4.500      SLICE_X15Y6    clk_div_inst/counter_reg[0]/C
Low Pulse Width   Fast    FDRE/C   n/a            0.500         5.000       4.500      SLICE_X15Y6    clk_div_inst/counter_reg[0]/C
Low Pulse Width   Slow    FDRE/C   n/a            0.500         5.000       4.500      SLICE_X15Y8    clk_div_inst/counter_reg[10]/C
Low Pulse Width   Fast    FDRE/C   n/a            0.500         5.000       4.500      SLICE_X15Y8    clk_div_inst/counter_reg[10]/C
Low Pulse Width   Slow    FDRE/C   n/a            0.500         5.000       4.500      SLICE_X15Y8    clk_div_inst/counter_reg[11]/C
Low Pulse Width   Fast    FDRE/C   n/a            0.500         5.000       4.500      SLICE_X15Y8    clk_div_inst/counter_reg[11]/C
Low Pulse Width   Slow    FDRE/C   n/a            0.500         5.000       4.500      SLICE_X15Y9    clk_div_inst/counter_reg[12]/C
Low Pulse Width   Fast    FDRE/C   n/a            0.500         5.000       4.500      SLICE_X15Y9    clk_div_inst/counter_reg[12]/C
High Pulse Width  Slow    FDRE/C   n/a            0.500         5.000       4.500      SLICE_X14Y12   btnc_prev_reg/C
High Pulse Width  Fast    FDRE/C   n/a            0.500         5.000       4.500      SLICE_X14Y12   btnc_prev_reg/C
High Pulse Width  Slow    FDRE/C   n/a            0.500         5.000       4.500      SLICE_X15Y6    clk_div_inst/counter_reg[0]/C
High Pulse Width  Fast    FDRE/C   n/a            0.500         5.000       4.500      SLICE_X15Y6    clk_div_inst/counter_reg[0]/C
High Pulse Width  Slow    FDRE/C   n/a            0.500         5.000       4.500      SLICE_X15Y8    clk_div_inst/counter_reg[10]/C
High Pulse Width  Fast    FDRE/C   n/a            0.500         5.000       4.500      SLICE_X15Y8    clk_div_inst/counter_reg[10]/C
High Pulse Width  Slow    FDRE/C   n/a            0.500         5.000       4.500      SLICE_X15Y8    clk_div_inst/counter_reg[11]/C
High Pulse Width  Fast    FDRE/C   n/a            0.500         5.000       4.500      SLICE_X15Y8    clk_div_inst/counter_reg[11]/C
High Pulse Width  Slow    FDRE/C   n/a            0.500         5.000       4.500      SLICE_X15Y9    clk_div_inst/counter_reg[12]/C
High Pulse Width  Fast    FDRE/C   n/a            0.500         5.000       4.500      SLICE_X15Y9    clk_div_inst/counter_reg[12]/C



--------------------------------------------------------------------------------------
Path Group:  (none)
From Clock:  
  To Clock:  

Max Delay           288 Endpoints
Min Delay           288 Endpoints
--------------------------------------------------------------------------------------


Max Delay Paths
--------------------------------------------------------------------------------------
Slack:                    inf
  Source:                 cpu/ir_reg[0]/C
                            (rising edge-triggered cell FDRE)
  Destination:            cpu/exec_z_reg/D
  Path Group:             (none)
  Path Type:              Max at Slow Process Corner
  Data Path Delay:        24.787ns  (logic 9.514ns (38.383%)  route 15.273ns (61.617%))
  Logic Levels:           34  (CARRY4=19 FDRE=1 LUT2=1 LUT3=6 LUT4=1 LUT5=3 LUT6=3)

    Location             Delay type                Incr(ns)  Path(ns)    Netlist Resource(s)
  -------------------------------------------------------------------    -------------------
    SLICE_X42Y12         FDRE                         0.000     0.000 r  cpu/ir_reg[0]/C
    SLICE_X42Y12         FDRE (Prop_fdre_C_Q)         0.518     0.518 r  cpu/ir_reg[0]/Q
                         net (fo=18, routed)          2.451     2.969    cpu/rf/registers_reg[0][0]_0[0]
    SLICE_X42Y7          LUT6 (Prop_lut6_I3_O)        0.124     3.093 f  cpu/rf/memory_reg_i_9/O
                         net (fo=40, routed)          1.098     4.190    cpu/rf/rs_val[1]
    SLICE_X42Y9          LUT5 (Prop_lut5_I2_O)        0.124     4.314 r  cpu/rf/i___7_carry_i_9/O
                         net (fo=6, routed)           0.714     5.029    cpu/rf/i___7_carry_i_9_n_0
    SLICE_X42Y9          LUT5 (Prop_lut5_I0_O)        0.124     5.153 r  cpu/rf/i___7_carry_i_1/O
                         net (fo=14, routed)          0.845     5.998    cpu/rf/registers_reg[0][6]_0
    SLICE_X45Y9          LUT2 (Prop_lut2_I1_O)        0.154     6.152 r  cpu/rf/i___7_carry__0_i_3/O
                         net (fo=1, routed)           0.617     6.769    cpu/alu_inst/alu_result_r[5]_i_17[1]
    SLICE_X44Y9          CARRY4 (Prop_carry4_DI[1]_CO[3])
                                                      0.710     7.479 r  cpu/alu_inst/result0_inferred__15/i___7_carry__0/CO[3]
                         net (fo=1, routed)           0.000     7.479    cpu/alu_inst/result0_inferred__15/i___7_carry__0_n_0
    SLICE_X44Y10         CARRY4 (Prop_carry4_CI_CO[0])
                                                      0.271     7.750 r  cpu/alu_inst/result0_inferred__15/i___7_carry__1/CO[0]
                         net (fo=12, routed)          1.032     8.782    cpu/rf/i___211_carry_i_41_0[0]
    SLICE_X43Y7          LUT3 (Prop_lut3_I0_O)        0.373     9.155 r  cpu/rf/i___211_carry_i_51/O
                         net (fo=1, routed)           0.000     9.155    cpu/rf/i___211_carry_i_51_n_0
    SLICE_X43Y7          CARRY4 (Prop_carry4_S[1]_CO[3])
                                                      0.550     9.705 r  cpu/rf/i___211_carry_i_41/CO[3]
                         net (fo=1, routed)           0.000     9.705    cpu/rf/i___211_carry_i_41_n_0
    SLICE_X43Y8          CARRY4 (Prop_carry4_CI_CO[3])
                                                      0.114     9.819 r  cpu/rf/alu_result_r_reg[5]_i_13/CO[3]
                         net (fo=1, routed)           0.000     9.819    cpu/rf/alu_result_r_reg[5]_i_13_n_0
    SLICE_X43Y9          CARRY4 (Prop_carry4_CI_CO[1])
                                                      0.157     9.976 r  cpu/rf/alu_result_r_reg[5]_i_12/CO[1]
                         net (fo=12, routed)          1.245    11.221    cpu/rf/alu_result_r_reg[5]_i_12_n_2
    SLICE_X45Y6          LUT3 (Prop_lut3_I0_O)        0.329    11.550 r  cpu/rf/i___211_carry_i_48/O
                         net (fo=1, routed)           0.000    11.550    cpu/rf/i___211_carry_i_48_n_0
    SLICE_X45Y6          CARRY4 (Prop_carry4_S[1]_CO[3])
                                                      0.550    12.100 r  cpu/rf/i___211_carry_i_31/CO[3]
                         net (fo=1, routed)           0.000    12.100    cpu/rf/i___211_carry_i_31_n_0
    SLICE_X45Y7          CARRY4 (Prop_carry4_CI_CO[3])
                                                      0.114    12.214 r  cpu/rf/i___211_carry_i_28/CO[3]
                         net (fo=1, routed)           0.000    12.214    cpu/rf/i___211_carry_i_28_n_0
    SLICE_X45Y8          CARRY4 (Prop_carry4_CI_CO[1])
                                                      0.157    12.371 r  cpu/rf/i___211_carry_i_27/CO[1]
                         net (fo=12, routed)          1.455    13.825    cpu/rf/i___211_carry_i_27_n_2
    SLICE_X46Y7          LUT3 (Prop_lut3_I0_O)        0.329    14.154 r  cpu/rf/i___211_carry_i_34/O
                         net (fo=1, routed)           0.000    14.154    cpu/rf/i___211_carry_i_34_n_0
    SLICE_X46Y7          CARRY4 (Prop_carry4_S[1]_CO[3])
                                                      0.533    14.687 r  cpu/rf/i___211_carry_i_16/CO[3]
                         net (fo=1, routed)           0.000    14.687    cpu/rf/i___211_carry_i_16_n_0
    SLICE_X46Y8          CARRY4 (Prop_carry4_CI_CO[1])
                                                      0.157    14.844 r  cpu/rf/i___211_carry_i_15/CO[1]
                         net (fo=12, routed)          0.855    15.700    cpu/rf/i___211_carry_i_15_n_2
    SLICE_X47Y5          LUT3 (Prop_lut3_I0_O)        0.332    16.032 r  cpu/rf/i___211_carry_i_26/O
                         net (fo=1, routed)           0.000    16.032    cpu/rf/i___211_carry_i_26_n_0
    SLICE_X47Y5          CARRY4 (Prop_carry4_S[1]_CO[3])
                                                      0.550    16.582 r  cpu/rf/i___211_carry_i_11/CO[3]
                         net (fo=1, routed)           0.000    16.582    cpu/rf/i___211_carry_i_11_n_0
    SLICE_X47Y6          CARRY4 (Prop_carry4_CI_CO[3])
                                                      0.114    16.696 r  cpu/rf/i___211_carry_i_8/CO[3]
                         net (fo=1, routed)           0.000    16.696    cpu/rf/i___211_carry_i_8_n_0
    SLICE_X47Y7          CARRY4 (Prop_carry4_CI_CO[1])
                                                      0.157    16.853 r  cpu/rf/i___211_carry_i_7/CO[1]
                         net (fo=12, routed)          1.329    18.182    cpu/rf/i___211_carry_i_7_n_2
    SLICE_X47Y2          LUT3 (Prop_lut3_I0_O)        0.329    18.511 r  cpu/rf/i___211_carry_i_12/O
                         net (fo=1, routed)           0.000    18.511    cpu/rf/i___211_carry_i_12_n_0
    SLICE_X47Y2          CARRY4 (Prop_carry4_S[3]_CO[3])
                                                      0.401    18.912 r  cpu/rf/i___211_carry_i_2/CO[3]
                         net (fo=1, routed)           0.000    18.912    cpu/rf/i___211_carry_i_2_n_0
    SLICE_X47Y3          CARRY4 (Prop_carry4_CI_CO[3])
                                                      0.114    19.026 r  cpu/rf/i___211_carry__0_i_1/CO[3]
                         net (fo=1, routed)           0.000    19.026    cpu/rf/i___211_carry__0_i_1_n_0
    SLICE_X47Y4          CARRY4 (Prop_carry4_CI_CO[1])
                                                      0.157    19.183 r  cpu/rf/i___211_carry_i_1/CO[1]
                         net (fo=12, routed)          1.191    20.374    cpu/rf/i___211_carry_i_10_0[0]
    SLICE_X46Y2          LUT3 (Prop_lut3_I0_O)        0.329    20.703 r  cpu/rf/i___211_carry_i_5/O
                         net (fo=1, routed)           0.000    20.703    cpu/alu_inst/result0_inferred__15/i___211_carry__0_2[1]
    SLICE_X46Y2          CARRY4 (Prop_carry4_S[1]_CO[3])
                                                      0.533    21.236 r  cpu/alu_inst/result0_inferred__15/i___211_carry/CO[3]
                         net (fo=1, routed)           0.000    21.236    cpu/alu_inst/result0_inferred__15/i___211_carry_n_0
    SLICE_X46Y3          CARRY4 (Prop_carry4_CI_CO[3])
                                                      0.117    21.353 r  cpu/alu_inst/result0_inferred__15/i___211_carry__0/CO[3]
                         net (fo=1, routed)           0.000    21.353    cpu/alu_inst/result0_inferred__15/i___211_carry__0_n_0
    SLICE_X46Y4          CARRY4 (Prop_carry4_CI_CO[0])
                                                      0.254    21.607 f  cpu/alu_inst/result0_inferred__15/i___211_carry__1/CO[0]
                         net (fo=1, routed)           0.771    22.378    cpu/rf/alu_result_r_reg[0]_1[0]
    SLICE_X43Y10         LUT6 (Prop_lut6_I2_O)        0.367    22.745 f  cpu/rf/alu_result_r[0]_i_5/O
                         net (fo=1, routed)           0.669    23.414    cpu/rf/alu_result_r[0]_i_5_n_0
    SLICE_X42Y10         LUT6 (Prop_lut6_I3_O)        0.124    23.538 f  cpu/rf/alu_result_r[0]_i_1/O
                         net (fo=2, routed)           0.568    24.106    cpu/rf/D[0]
    SLICE_X45Y9          LUT4 (Prop_lut4_I2_O)        0.124    24.230 f  cpu/rf/exec_z_i_2/O
                         net (fo=1, routed)           0.433    24.663    cpu/rf/exec_z_i_2_n_0
    SLICE_X45Y9          LUT5 (Prop_lut5_I1_O)        0.124    24.787 r  cpu/rf/exec_z_i_1/O
                         net (fo=1, routed)           0.000    24.787    cpu/Z0
    SLICE_X45Y9          FDRE                                         r  cpu/exec_z_reg/D
  -------------------------------------------------------------------    -------------------

Slack:                    inf
  Source:                 cpu/ir_reg[0]/C
                            (rising edge-triggered cell FDRE)
  Destination:            cpu/alu_result_r_reg[0]/D
  Path Group:             (none)
  Path Type:              Max at Slow Process Corner
  Data Path Delay:        23.894ns  (logic 9.266ns (38.780%)  route 14.628ns (61.220%))
  Logic Levels:           32  (CARRY4=19 FDRE=1 LUT2=1 LUT3=6 LUT5=2 LUT6=3)

    Location             Delay type                Incr(ns)  Path(ns)    Netlist Resource(s)
  -------------------------------------------------------------------    -------------------
    SLICE_X42Y12         FDRE                         0.000     0.000 r  cpu/ir_reg[0]/C
    SLICE_X42Y12         FDRE (Prop_fdre_C_Q)         0.518     0.518 r  cpu/ir_reg[0]/Q
                         net (fo=18, routed)          2.451     2.969    cpu/rf/registers_reg[0][0]_0[0]
    SLICE_X42Y7          LUT6 (Prop_lut6_I3_O)        0.124     3.093 f  cpu/rf/memory_reg_i_9/O
                         net (fo=40, routed)          1.098     4.190    cpu/rf/rs_val[1]
    SLICE_X42Y9          LUT5 (Prop_lut5_I2_O)        0.124     4.314 r  cpu/rf/i___7_carry_i_9/O
                         net (fo=6, routed)           0.714     5.029    cpu/rf/i___7_carry_i_9_n_0
    SLICE_X42Y9          LUT5 (Prop_lut5_I0_O)        0.124     5.153 r  cpu/rf/i___7_carry_i_1/O
                         net (fo=14, routed)          0.845     5.998    cpu/rf/registers_reg[0][6]_0
    SLICE_X45Y9          LUT2 (Prop_lut2_I1_O)        0.154     6.152 r  cpu/rf/i___7_carry__0_i_3/O
                         net (fo=1, routed)           0.617     6.769    cpu/alu_inst/alu_result_r[5]_i_17[1]
    SLICE_X44Y9          CARRY4 (Prop_carry4_DI[1]_CO[3])
                                                      0.710     7.479 r  cpu/alu_inst/result0_inferred__15/i___7_carry__0/CO[3]
                         net (fo=1, routed)           0.000     7.479    cpu/alu_inst/result0_inferred__15/i___7_carry__0_n_0
    SLICE_X44Y10         CARRY4 (Prop_carry4_CI_CO[0])
                                                      0.271     7.750 r  cpu/alu_inst/result0_inferred__15/i___7_carry__1/CO[0]
                         net (fo=12, routed)          1.032     8.782    cpu/rf/i___211_carry_i_41_0[0]
    SLICE_X43Y7          LUT3 (Prop_lut3_I0_O)        0.373     9.155 r  cpu/rf/i___211_carry_i_51/O
                         net (fo=1, routed)           0.000     9.155    cpu/rf/i___211_carry_i_51_n_0
    SLICE_X43Y7          CARRY4 (Prop_carry4_S[1]_CO[3])
                                                      0.550     9.705 r  cpu/rf/i___211_carry_i_41/CO[3]
                         net (fo=1, routed)           0.000     9.705    cpu/rf/i___211_carry_i_41_n_0
    SLICE_X43Y8          CARRY4 (Prop_carry4_CI_CO[3])
                                                      0.114     9.819 r  cpu/rf/alu_result_r_reg[5]_i_13/CO[3]
                         net (fo=1, routed)           0.000     9.819    cpu/rf/alu_result_r_reg[5]_i_13_n_0
    SLICE_X43Y9          CARRY4 (Prop_carry4_CI_CO[1])
                                                      0.157     9.976 r  cpu/rf/alu_result_r_reg[5]_i_12/CO[1]
                         net (fo=12, routed)          1.245    11.221    cpu/rf/alu_result_r_reg[5]_i_12_n_2
    SLICE_X45Y6          LUT3 (Prop_lut3_I0_O)        0.329    11.550 r  cpu/rf/i___211_carry_i_48/O
                         net (fo=1, routed)           0.000    11.550    cpu/rf/i___211_carry_i_48_n_0
    SLICE_X45Y6          CARRY4 (Prop_carry4_S[1]_CO[3])
                                                      0.550    12.100 r  cpu/rf/i___211_carry_i_31/CO[3]
                         net (fo=1, routed)           0.000    12.100    cpu/rf/i___211_carry_i_31_n_0
    SLICE_X45Y7          CARRY4 (Prop_carry4_CI_CO[3])
                                                      0.114    12.214 r  cpu/rf/i___211_carry_i_28/CO[3]
                         net (fo=1, routed)           0.000    12.214    cpu/rf/i___211_carry_i_28_n_0
    SLICE_X45Y8          CARRY4 (Prop_carry4_CI_CO[1])
                                                      0.157    12.371 r  cpu/rf/i___211_carry_i_27/CO[1]
                         net (fo=12, routed)          1.455    13.825    cpu/rf/i___211_carry_i_27_n_2
    SLICE_X46Y7          LUT3 (Prop_lut3_I0_O)        0.329    14.154 r  cpu/rf/i___211_carry_i_34/O
                         net (fo=1, routed)           0.000    14.154    cpu/rf/i___211_carry_i_34_n_0
    SLICE_X46Y7          CARRY4 (Prop_carry4_S[1]_CO[3])
                                                      0.533    14.687 r  cpu/rf/i___211_carry_i_16/CO[3]
                         net (fo=1, routed)           0.000    14.687    cpu/rf/i___211_carry_i_16_n_0
    SLICE_X46Y8          CARRY4 (Prop_carry4_CI_CO[1])
                                                      0.157    14.844 r  cpu/rf/i___211_carry_i_15/CO[1]
                         net (fo=12, routed)          0.855    15.700    cpu/rf/i___211_carry_i_15_n_2
    SLICE_X47Y5          LUT3 (Prop_lut3_I0_O)        0.332    16.032 r  cpu/rf/i___211_carry_i_26/O
                         net (fo=1, routed)           0.000    16.032    cpu/rf/i___211_carry_i_26_n_0
    SLICE_X47Y5          CARRY4 (Prop_carry4_S[1]_CO[3])
                                                      0.550    16.582 r  cpu/rf/i___211_carry_i_11/CO[3]
                         net (fo=1, routed)           0.000    16.582    cpu/rf/i___211_carry_i_11_n_0
    SLICE_X47Y6          CARRY4 (Prop_carry4_CI_CO[3])
                                                      0.114    16.696 r  cpu/rf/i___211_carry_i_8/CO[3]
                         net (fo=1, routed)           0.000    16.696    cpu/rf/i___211_carry_i_8_n_0
    SLICE_X47Y7          CARRY4 (Prop_carry4_CI_CO[1])
                                                      0.157    16.853 r  cpu/rf/i___211_carry_i_7/CO[1]
                         net (fo=12, routed)          1.329    18.182    cpu/rf/i___211_carry_i_7_n_2
    SLICE_X47Y2          LUT3 (Prop_lut3_I0_O)        0.329    18.511 r  cpu/rf/i___211_carry_i_12/O
                         net (fo=1, routed)           0.000    18.511    cpu/rf/i___211_carry_i_12_n_0
    SLICE_X47Y2          CARRY4 (Prop_carry4_S[3]_CO[3])
                                                      0.401    18.912 r  cpu/rf/i___211_carry_i_2/CO[3]
                         net (fo=1, routed)           0.000    18.912    cpu/rf/i___211_carry_i_2_n_0
    SLICE_X47Y3          CARRY4 (Prop_carry4_CI_CO[3])
                                                      0.114    19.026 r  cpu/rf/i___211_carry__0_i_1/CO[3]
                         net (fo=1, routed)           0.000    19.026    cpu/rf/i___211_carry__0_i_1_n_0
    SLICE_X47Y4          CARRY4 (Prop_carry4_CI_CO[1])
                                                      0.157    19.183 r  cpu/rf/i___211_carry_i_1/CO[1]
                         net (fo=12, routed)          1.191    20.374    cpu/rf/i___211_carry_i_10_0[0]
    SLICE_X46Y2          LUT3 (Prop_lut3_I0_O)        0.329    20.703 r  cpu/rf/i___211_carry_i_5/O
                         net (fo=1, routed)           0.000    20.703    cpu/alu_inst/result0_inferred__15/i___211_carry__0_2[1]
    SLICE_X46Y2          CARRY4 (Prop_carry4_S[1]_CO[3])
                                                      0.533    21.236 r  cpu/alu_inst/result0_inferred__15/i___211_carry/CO[3]
                         net (fo=1, routed)           0.000    21.236    cpu/alu_inst/result0_inferred__15/i___211_carry_n_0
    SLICE_X46Y3          CARRY4 (Prop_carry4_CI_CO[3])
                                                      0.117    21.353 r  cpu/alu_inst/result0_inferred__15/i___211_carry__0/CO[3]
                         net (fo=1, routed)           0.000    21.353    cpu/alu_inst/result0_inferred__15/i___211_carry__0_n_0
    SLICE_X46Y4          CARRY4 (Prop_carry4_CI_CO[0])
                                                      0.254    21.607 r  cpu/alu_inst/result0_inferred__15/i___211_carry__1/CO[0]
                         net (fo=1, routed)           0.771    22.378    cpu/rf/alu_result_r_reg[0]_1[0]
    SLICE_X43Y10         LUT6 (Prop_lut6_I2_O)        0.367    22.745 r  cpu/rf/alu_result_r[0]_i_5/O
                         net (fo=1, routed)           0.669    23.414    cpu/rf/alu_result_r[0]_i_5_n_0
    SLICE_X42Y10         LUT6 (Prop_lut6_I3_O)        0.124    23.538 r  cpu/rf/alu_result_r[0]_i_1/O
                         net (fo=2, routed)           0.355    23.894    cpu/rf_n_25
    SLICE_X44Y11         FDRE                                         r  cpu/alu_result_r_reg[0]/D
  -------------------------------------------------------------------    -------------------

Slack:                    inf
  Source:                 cpu/ir_reg[0]/C
                            (rising edge-triggered cell FDRE)
  Destination:            cpu/alu_result_r_reg[1]/D
  Path Group:             (none)
  Path Type:              Max at Slow Process Corner
  Data Path Delay:        22.532ns  (logic 8.599ns (38.164%)  route 13.933ns (61.836%))
  Logic Levels:           30  (CARRY4=16 FDRE=1 LUT2=1 LUT3=5 LUT5=3 LUT6=2 MUXF7=2)

    Location             Delay type                Incr(ns)  Path(ns)    Netlist Resource(s)
  -------------------------------------------------------------------    -------------------
    SLICE_X42Y12         FDRE                         0.000     0.000 r  cpu/ir_reg[0]/C
    SLICE_X42Y12         FDRE (Prop_fdre_C_Q)         0.518     0.518 r  cpu/ir_reg[0]/Q
                         net (fo=18, routed)          2.451     2.969    cpu/rf/registers_reg[0][0]_0[0]
    SLICE_X42Y7          LUT6 (Prop_lut6_I3_O)        0.124     3.093 f  cpu/rf/memory_reg_i_9/O
                         net (fo=40, routed)          1.098     4.190    cpu/rf/rs_val[1]
    SLICE_X42Y9          LUT5 (Prop_lut5_I2_O)        0.124     4.314 r  cpu/rf/i___7_carry_i_9/O
                         net (fo=6, routed)           0.714     5.029    cpu/rf/i___7_carry_i_9_n_0
    SLICE_X42Y9          LUT5 (Prop_lut5_I0_O)        0.124     5.153 r  cpu/rf/i___7_carry_i_1/O
                         net (fo=14, routed)          0.845     5.998    cpu/rf/registers_reg[0][6]_0
    SLICE_X45Y9          LUT2 (Prop_lut2_I1_O)        0.154     6.152 r  cpu/rf/i___7_carry__0_i_3/O
                         net (fo=1, routed)           0.617     6.769    cpu/alu_inst/alu_result_r[5]_i_17[1]
    SLICE_X44Y9          CARRY4 (Prop_carry4_DI[1]_CO[3])
                                                      0.710     7.479 r  cpu/alu_inst/result0_inferred__15/i___7_carry__0/CO[3]
                         net (fo=1, routed)           0.000     7.479    cpu/alu_inst/result0_inferred__15/i___7_carry__0_n_0
    SLICE_X44Y10         CARRY4 (Prop_carry4_CI_CO[0])
                                                      0.271     7.750 r  cpu/alu_inst/result0_inferred__15/i___7_carry__1/CO[0]
                         net (fo=12, routed)          1.032     8.782    cpu/rf/i___211_carry_i_41_0[0]
    SLICE_X43Y7          LUT3 (Prop_lut3_I0_O)        0.373     9.155 r  cpu/rf/i___211_carry_i_51/O
                         net (fo=1, routed)           0.000     9.155    cpu/rf/i___211_carry_i_51_n_0
    SLICE_X43Y7          CARRY4 (Prop_carry4_S[1]_CO[3])
                                                      0.550     9.705 r  cpu/rf/i___211_carry_i_41/CO[3]
                         net (fo=1, routed)           0.000     9.705    cpu/rf/i___211_carry_i_41_n_0
    SLICE_X43Y8          CARRY4 (Prop_carry4_CI_CO[3])
                                                      0.114     9.819 r  cpu/rf/alu_result_r_reg[5]_i_13/CO[3]
                         net (fo=1, routed)           0.000     9.819    cpu/rf/alu_result_r_reg[5]_i_13_n_0
    SLICE_X43Y9          CARRY4 (Prop_carry4_CI_CO[1])
                                                      0.157     9.976 r  cpu/rf/alu_result_r_reg[5]_i_12/CO[1]
                         net (fo=12, routed)          1.245    11.221    cpu/rf/alu_result_r_reg[5]_i_12_n_2
    SLICE_X45Y6          LUT3 (Prop_lut3_I0_O)        0.329    11.550 r  cpu/rf/i___211_carry_i_48/O
                         net (fo=1, routed)           0.000    11.550    cpu/rf/i___211_carry_i_48_n_0
    SLICE_X45Y6          CARRY4 (Prop_carry4_S[1]_CO[3])
                                                      0.550    12.100 r  cpu/rf/i___211_carry_i_31/CO[3]
                         net (fo=1, routed)           0.000    12.100    cpu/rf/i___211_carry_i_31_n_0
    SLICE_X45Y7          CARRY4 (Prop_carry4_CI_CO[3])
                                                      0.114    12.214 r  cpu/rf/i___211_carry_i_28/CO[3]
                         net (fo=1, routed)           0.000    12.214    cpu/rf/i___211_carry_i_28_n_0
    SLICE_X45Y8          CARRY4 (Prop_carry4_CI_CO[1])
                                                      0.157    12.371 r  cpu/rf/i___211_carry_i_27/CO[1]
                         net (fo=12, routed)          1.455    13.825    cpu/rf/i___211_carry_i_27_n_2
    SLICE_X46Y7          LUT3 (Prop_lut3_I0_O)        0.329    14.154 r  cpu/rf/i___211_carry_i_34/O
                         net (fo=1, routed)           0.000    14.154    cpu/rf/i___211_carry_i_34_n_0
    SLICE_X46Y7          CARRY4 (Prop_carry4_S[1]_CO[3])
                                                      0.533    14.687 r  cpu/rf/i___211_carry_i_16/CO[3]
                         net (fo=1, routed)           0.000    14.687    cpu/rf/i___211_carry_i_16_n_0
    SLICE_X46Y8          CARRY4 (Prop_carry4_CI_CO[1])
                                                      0.157    14.844 r  cpu/rf/i___211_carry_i_15/CO[1]
                         net (fo=12, routed)          0.855    15.700    cpu/rf/i___211_carry_i_15_n_2
    SLICE_X47Y5          LUT3 (Prop_lut3_I0_O)        0.332    16.032 r  cpu/rf/i___211_carry_i_26/O
                         net (fo=1, routed)           0.000    16.032    cpu/rf/i___211_carry_i_26_n_0
    SLICE_X47Y5          CARRY4 (Prop_carry4_S[1]_CO[3])
                                                      0.550    16.582 r  cpu/rf/i___211_carry_i_11/CO[3]
                         net (fo=1, routed)           0.000    16.582    cpu/rf/i___211_carry_i_11_n_0
    SLICE_X47Y6          CARRY4 (Prop_carry4_CI_CO[3])
                                                      0.114    16.696 r  cpu/rf/i___211_carry_i_8/CO[3]
                         net (fo=1, routed)           0.000    16.696    cpu/rf/i___211_carry_i_8_n_0
    SLICE_X47Y7          CARRY4 (Prop_carry4_CI_CO[1])
                                                      0.157    16.853 r  cpu/rf/i___211_carry_i_7/CO[1]
                         net (fo=12, routed)          1.329    18.182    cpu/rf/i___211_carry_i_7_n_2
    SLICE_X47Y2          LUT3 (Prop_lut3_I0_O)        0.329    18.511 r  cpu/rf/i___211_carry_i_12/O
                         net (fo=1, routed)           0.000    18.511    cpu/rf/i___211_carry_i_12_n_0
    SLICE_X47Y2          CARRY4 (Prop_carry4_S[3]_CO[3])
                                                      0.401    18.912 r  cpu/rf/i___211_carry_i_2/CO[3]
                         net (fo=1, routed)           0.000    18.912    cpu/rf/i___211_carry_i_2_n_0
    SLICE_X47Y3          CARRY4 (Prop_carry4_CI_CO[3])
                                                      0.114    19.026 r  cpu/rf/i___211_carry__0_i_1/CO[3]
                         net (fo=1, routed)           0.000    19.026    cpu/rf/i___211_carry__0_i_1_n_0
    SLICE_X47Y4          CARRY4 (Prop_carry4_CI_CO[1])
                                                      0.157    19.183 r  cpu/rf/i___211_carry_i_1/CO[1]
                         net (fo=12, routed)          0.841    20.024    cpu/rf/i___211_carry_i_10_0[0]
    SLICE_X41Y9          LUT5 (Prop_lut5_I2_O)        0.329    20.353 r  cpu/rf/alu_result_r[1]_i_9/O
                         net (fo=1, routed)           0.000    20.353    cpu/rf/alu_result_r[1]_i_9_n_0
    SLICE_X41Y9          MUXF7 (Prop_muxf7_I1_O)      0.217    20.570 r  cpu/rf/alu_result_r_reg[1]_i_4/O
                         net (fo=1, routed)           0.728    21.298    cpu/rf/alu_result_r_reg[1]_i_4_n_0
    SLICE_X37Y8          LUT6 (Prop_lut6_I0_O)        0.299    21.597 r  cpu/rf/alu_result_r[1]_i_2/O
                         net (fo=1, routed)           0.000    21.597    cpu/rf/alu_result_r[1]_i_2_n_0
    SLICE_X37Y8          MUXF7 (Prop_muxf7_I0_O)      0.212    21.809 r  cpu/rf/alu_result_r_reg[1]_i_1/O
                         net (fo=2, routed)           0.723    22.532    cpu/rf_n_24
    SLICE_X44Y9          FDRE                                         r  cpu/alu_result_r_reg[1]/D
  -------------------------------------------------------------------    -------------------

Slack:                    inf
  Source:                 cpu/ir_reg[0]/C
                            (rising edge-triggered cell FDRE)
  Destination:            cpu/alu_result_r_reg[2]/D
  Path Group:             (none)
  Path Type:              Max at Slow Process Corner
  Data Path Delay:        20.121ns  (logic 7.118ns (35.376%)  route 13.003ns (64.624%))
  Logic Levels:           25  (CARRY4=13 FDRE=1 LUT2=1 LUT3=4 LUT5=4 LUT6=2)

    Location             Delay type                Incr(ns)  Path(ns)    Netlist Resource(s)
  -------------------------------------------------------------------    -------------------
    SLICE_X42Y12         FDRE                         0.000     0.000 r  cpu/ir_reg[0]/C
    SLICE_X42Y12         FDRE (Prop_fdre_C_Q)         0.518     0.518 r  cpu/ir_reg[0]/Q
                         net (fo=18, routed)          2.451     2.969    cpu/rf/registers_reg[0][0]_0[0]
    SLICE_X42Y7          LUT6 (Prop_lut6_I3_O)        0.124     3.093 f  cpu/rf/memory_reg_i_9/O
                         net (fo=40, routed)          1.098     4.190    cpu/rf/rs_val[1]
    SLICE_X42Y9          LUT5 (Prop_lut5_I2_O)        0.124     4.314 r  cpu/rf/i___7_carry_i_9/O
                         net (fo=6, routed)           0.714     5.029    cpu/rf/i___7_carry_i_9_n_0
    SLICE_X42Y9          LUT5 (Prop_lut5_I0_O)        0.124     5.153 r  cpu/rf/i___7_carry_i_1/O
                         net (fo=14, routed)          0.845     5.998    cpu/rf/registers_reg[0][6]_0
    SLICE_X45Y9          LUT2 (Prop_lut2_I1_O)        0.154     6.152 r  cpu/rf/i___7_carry__0_i_3/O
                         net (fo=1, routed)           0.617     6.769    cpu/alu_inst/alu_result_r[5]_i_17[1]
    SLICE_X44Y9          CARRY4 (Prop_carry4_DI[1]_CO[3])
                                                      0.710     7.479 r  cpu/alu_inst/result0_inferred__15/i___7_carry__0/CO[3]
                         net (fo=1, routed)           0.000     7.479    cpu/alu_inst/result0_inferred__15/i___7_carry__0_n_0
    SLICE_X44Y10         CARRY4 (Prop_carry4_CI_CO[0])
                                                      0.271     7.750 r  cpu/alu_inst/result0_inferred__15/i___7_carry__1/CO[0]
                         net (fo=12, routed)          1.032     8.782    cpu/rf/i___211_carry_i_41_0[0]
    SLICE_X43Y7          LUT3 (Prop_lut3_I0_O)        0.373     9.155 r  cpu/rf/i___211_carry_i_51/O
                         net (fo=1, routed)           0.000     9.155    cpu/rf/i___211_carry_i_51_n_0
    SLICE_X43Y7          CARRY4 (Prop_carry4_S[1]_CO[3])
                                                      0.550     9.705 r  cpu/rf/i___211_carry_i_41/CO[3]
                         net (fo=1, routed)           0.000     9.705    cpu/rf/i___211_carry_i_41_n_0
    SLICE_X43Y8          CARRY4 (Prop_carry4_CI_CO[3])
                                                      0.114     9.819 r  cpu/rf/alu_result_r_reg[5]_i_13/CO[3]
                         net (fo=1, routed)           0.000     9.819    cpu/rf/alu_result_r_reg[5]_i_13_n_0
    SLICE_X43Y9          CARRY4 (Prop_carry4_CI_CO[1])
                                                      0.157     9.976 r  cpu/rf/alu_result_r_reg[5]_i_12/CO[1]
                         net (fo=12, routed)          1.245    11.221    cpu/rf/alu_result_r_reg[5]_i_12_n_2
    SLICE_X45Y6          LUT3 (Prop_lut3_I0_O)        0.329    11.550 r  cpu/rf/i___211_carry_i_48/O
                         net (fo=1, routed)           0.000    11.550    cpu/rf/i___211_carry_i_48_n_0
    SLICE_X45Y6          CARRY4 (Prop_carry4_S[1]_CO[3])
                                                      0.550    12.100 r  cpu/rf/i___211_carry_i_31/CO[3]
                         net (fo=1, routed)           0.000    12.100    cpu/rf/i___211_carry_i_31_n_0
    SLICE_X45Y7          CARRY4 (Prop_carry4_CI_CO[3])
                                                      0.114    12.214 r  cpu/rf/i___211_carry_i_28/CO[3]
                         net (fo=1, routed)           0.000    12.214    cpu/rf/i___211_carry_i_28_n_0
    SLICE_X45Y8          CARRY4 (Prop_carry4_CI_CO[1])
                                                      0.157    12.371 r  cpu/rf/i___211_carry_i_27/CO[1]
                         net (fo=12, routed)          1.455    13.825    cpu/rf/i___211_carry_i_27_n_2
    SLICE_X46Y7          LUT3 (Prop_lut3_I0_O)        0.329    14.154 r  cpu/rf/i___211_carry_i_34/O
                         net (fo=1, routed)           0.000    14.154    cpu/rf/i___211_carry_i_34_n_0
    SLICE_X46Y7          CARRY4 (Prop_carry4_S[1]_CO[3])
                                                      0.533    14.687 r  cpu/rf/i___211_carry_i_16/CO[3]
                         net (fo=1, routed)           0.000    14.687    cpu/rf/i___211_carry_i_16_n_0
    SLICE_X46Y8          CARRY4 (Prop_carry4_CI_CO[1])
                                                      0.157    14.844 r  cpu/rf/i___211_carry_i_15/CO[1]
                         net (fo=12, routed)          0.855    15.700    cpu/rf/i___211_carry_i_15_n_2
    SLICE_X47Y5          LUT3 (Prop_lut3_I0_O)        0.332    16.032 r  cpu/rf/i___211_carry_i_26/O
                         net (fo=1, routed)           0.000    16.032    cpu/rf/i___211_carry_i_26_n_0
    SLICE_X47Y5          CARRY4 (Prop_carry4_S[1]_CO[3])
                                                      0.550    16.582 r  cpu/rf/i___211_carry_i_11/CO[3]
                         net (fo=1, routed)           0.000    16.582    cpu/rf/i___211_carry_i_11_n_0
    SLICE_X47Y6          CARRY4 (Prop_carry4_CI_CO[3])
                                                      0.114    16.696 r  cpu/rf/i___211_carry_i_8/CO[3]
                         net (fo=1, routed)           0.000    16.696    cpu/rf/i___211_carry_i_8_n_0
    SLICE_X47Y7          CARRY4 (Prop_carry4_CI_CO[1])
                                                      0.157    16.853 r  cpu/rf/i___211_carry_i_7/CO[1]
                         net (fo=12, routed)          0.861    17.714    cpu/rf/i___211_carry_i_7_n_2
    SLICE_X42Y8          LUT5 (Prop_lut5_I2_O)        0.329    18.043 r  cpu/rf/alu_result_r[2]_i_5/O
                         net (fo=1, routed)           0.819    18.862    cpu/rf/alu_result_r[2]_i_5_n_0
    SLICE_X36Y8          LUT6 (Prop_lut6_I0_O)        0.124    18.986 r  cpu/rf/alu_result_r[2]_i_3/O
                         net (fo=1, routed)           0.495    19.481    cpu/rf/alu_result_r[2]_i_3_n_0
    SLICE_X37Y8          LUT5 (Prop_lut5_I2_O)        0.124    19.605 r  cpu/rf/alu_result_r[2]_i_1/O
                         net (fo=2, routed)           0.515    20.121    cpu/rf_n_23
    SLICE_X46Y9          FDRE                                         r  cpu/alu_result_r_reg[2]/D
  -------------------------------------------------------------------    -------------------

Slack:                    inf
  Source:                 cpu/ir_reg[0]/C
                            (rising edge-triggered cell FDRE)
  Destination:            cpu/alu_result_r_reg[3]/D
  Path Group:             (none)
  Path Type:              Max at Slow Process Corner
  Data Path Delay:        18.151ns  (logic 5.968ns (32.880%)  route 12.183ns (67.120%))
  Logic Levels:           21  (CARRY4=10 FDRE=1 LUT2=1 LUT3=3 LUT5=4 LUT6=2)

    Location             Delay type                Incr(ns)  Path(ns)    Netlist Resource(s)
  -------------------------------------------------------------------    -------------------
    SLICE_X42Y12         FDRE                         0.000     0.000 r  cpu/ir_reg[0]/C
    SLICE_X42Y12         FDRE (Prop_fdre_C_Q)         0.518     0.518 r  cpu/ir_reg[0]/Q
                         net (fo=18, routed)          2.451     2.969    cpu/rf/registers_reg[0][0]_0[0]
    SLICE_X42Y7          LUT6 (Prop_lut6_I3_O)        0.124     3.093 f  cpu/rf/memory_reg_i_9/O
                         net (fo=40, routed)          1.098     4.190    cpu/rf/rs_val[1]
    SLICE_X42Y9          LUT5 (Prop_lut5_I2_O)        0.124     4.314 r  cpu/rf/i___7_carry_i_9/O
                         net (fo=6, routed)           0.714     5.029    cpu/rf/i___7_carry_i_9_n_0
    SLICE_X42Y9          LUT5 (Prop_lut5_I0_O)        0.124     5.153 r  cpu/rf/i___7_carry_i_1/O
                         net (fo=14, routed)          0.845     5.998    cpu/rf/registers_reg[0][6]_0
    SLICE_X45Y9          LUT2 (Prop_lut2_I1_O)        0.154     6.152 r  cpu/rf/i___7_carry__0_i_3/O
                         net (fo=1, routed)           0.617     6.769    cpu/alu_inst/alu_result_r[5]_i_17[1]
    SLICE_X44Y9          CARRY4 (Prop_carry4_DI[1]_CO[3])
                                                      0.710     7.479 r  cpu/alu_inst/result0_inferred__15/i___7_carry__0/CO[3]
                         net (fo=1, routed)           0.000     7.479    cpu/alu_inst/result0_inferred__15/i___7_carry__0_n_0
    SLICE_X44Y10         CARRY4 (Prop_carry4_CI_CO[0])
                                                      0.271     7.750 r  cpu/alu_inst/result0_inferred__15/i___7_carry__1/CO[0]
                         net (fo=12, routed)          1.032     8.782    cpu/rf/i___211_carry_i_41_0[0]
    SLICE_X43Y7          LUT3 (Prop_lut3_I0_O)        0.373     9.155 r  cpu/rf/i___211_carry_i_51/O
                         net (fo=1, routed)           0.000     9.155    cpu/rf/i___211_carry_i_51_n_0
    SLICE_X43Y7          CARRY4 (Prop_carry4_S[1]_CO[3])
                                                      0.550     9.705 r  cpu/rf/i___211_carry_i_41/CO[3]
                         net (fo=1, routed)           0.000     9.705    cpu/rf/i___211_carry_i_41_n_0
    SLICE_X43Y8          CARRY4 (Prop_carry4_CI_CO[3])
                                                      0.114     9.819 r  cpu/rf/alu_result_r_reg[5]_i_13/CO[3]
                         net (fo=1, routed)           0.000     9.819    cpu/rf/alu_result_r_reg[5]_i_13_n_0
    SLICE_X43Y9          CARRY4 (Prop_carry4_CI_CO[1])
                                                      0.157     9.976 r  cpu/rf/alu_result_r_reg[5]_i_12/CO[1]
                         net (fo=12, routed)          1.245    11.221    cpu/rf/alu_result_r_reg[5]_i_12_n_2
    SLICE_X45Y6          LUT3 (Prop_lut3_I0_O)        0.329    11.550 r  cpu/rf/i___211_carry_i_48/O
                         net (fo=1, routed)           0.000    11.550    cpu/rf/i___211_carry_i_48_n_0
    SLICE_X45Y6          CARRY4 (Prop_carry4_S[1]_CO[3])
                                                      0.550    12.100 r  cpu/rf/i___211_carry_i_31/CO[3]
                         net (fo=1, routed)           0.000    12.100    cpu/rf/i___211_carry_i_31_n_0
    SLICE_X45Y7          CARRY4 (Prop_carry4_CI_CO[3])
                                                      0.114    12.214 r  cpu/rf/i___211_carry_i_28/CO[3]
                         net (fo=1, routed)           0.000    12.214    cpu/rf/i___211_carry_i_28_n_0
    SLICE_X45Y8          CARRY4 (Prop_carry4_CI_CO[1])
                                                      0.157    12.371 r  cpu/rf/i___211_carry_i_27/CO[1]
                         net (fo=12, routed)          1.455    13.825    cpu/rf/i___211_carry_i_27_n_2
    SLICE_X46Y7          LUT3 (Prop_lut3_I0_O)        0.329    14.154 r  cpu/rf/i___211_carry_i_34/O
                         net (fo=1, routed)           0.000    14.154    cpu/rf/i___211_carry_i_34_n_0
    SLICE_X46Y7          CARRY4 (Prop_carry4_S[1]_CO[3])
                                                      0.533    14.687 r  cpu/rf/i___211_carry_i_16/CO[3]
                         net (fo=1, routed)           0.000    14.687    cpu/rf/i___211_carry_i_16_n_0
    SLICE_X46Y8          CARRY4 (Prop_carry4_CI_CO[1])
                                                      0.157    14.844 r  cpu/rf/i___211_carry_i_15/CO[1]
                         net (fo=12, routed)          0.601    15.445    cpu/rf/i___211_carry_i_15_n_2
    SLICE_X41Y9          LUT5 (Prop_lut5_I2_O)        0.332    15.777 r  cpu/rf/alu_result_r[3]_i_5/O
                         net (fo=1, routed)           0.601    16.378    cpu/rf/alu_result_r[3]_i_5_n_0
    SLICE_X38Y9          LUT6 (Prop_lut6_I0_O)        0.124    16.502 r  cpu/rf/alu_result_r[3]_i_3/O
                         net (fo=1, routed)           0.897    17.399    cpu/rf/alu_result_r[3]_i_3_n_0
    SLICE_X38Y9          LUT5 (Prop_lut5_I2_O)        0.124    17.523 r  cpu/rf/alu_result_r[3]_i_1/O
                         net (fo=2, routed)           0.628    18.151    cpu/rf_n_22
    SLICE_X45Y10         FDRE                                         r  cpu/alu_result_r_reg[3]/D
  -------------------------------------------------------------------    -------------------

Slack:                    inf
  Source:                 cpu/ir_reg[2]/C
                            (rising edge-triggered cell FDRE)
  Destination:            cpu/exec_c_reg/D
  Path Group:             (none)
  Path Type:              Max at Slow Process Corner
  Data Path Delay:        15.872ns  (logic 4.443ns (27.993%)  route 11.429ns (72.007%))
  Logic Levels:           17  (CARRY4=6 FDRE=1 LUT4=2 LUT5=2 LUT6=6)

    Location             Delay type                Incr(ns)  Path(ns)    Netlist Resource(s)
  -------------------------------------------------------------------    -------------------
    SLICE_X41Y13         FDRE                         0.000     0.000 r  cpu/ir_reg[2]/C
    SLICE_X41Y13         FDRE (Prop_fdre_C_Q)         0.456     0.456 r  cpu/ir_reg[2]/Q
                         net (fo=26, routed)          1.960     2.416    cpu/rf/registers_reg[0][0]_0[2]
    SLICE_X42Y6          LUT6 (Prop_lut6_I4_O)        0.124     2.540 r  cpu/rf/memory_reg_i_18/O
                         net (fo=84, routed)          2.291     4.831    cpu/rf/DIADI[0]
    SLICE_X41Y8          LUT6 (Prop_lut6_I0_O)        0.124     4.955 r  cpu/rf/i__carry__0_i_11/O
                         net (fo=2, routed)           0.825     5.781    cpu/rf/i__carry__0_i_11_n_0
    SLICE_X40Y7          LUT5 (Prop_lut5_I1_O)        0.124     5.905 r  cpu/rf/i___0_carry__0_i_4/O
                         net (fo=1, routed)           0.000     5.905    cpu/alu_inst/i___16_carry__0_i_2_0[2]
    SLICE_X40Y7          CARRY4 (Prop_carry4_S[2]_O[2])
                                                      0.248     6.153 r  cpu/alu_inst/mul_acc0_inferred__0/i___0_carry__0/O[2]
                         net (fo=5, routed)           0.986     7.138    cpu/rf/alu_result_r_reg[6][2]
    SLICE_X40Y4          LUT4 (Prop_lut4_I1_O)        0.332     7.470 r  cpu/rf/i___1_carry_i_2/O
                         net (fo=1, routed)           0.000     7.470    cpu/alu_inst/i___36_carry_i_5_0[1]
    SLICE_X40Y4          CARRY4 (Prop_carry4_DI[2]_O[3])
                                                      0.401     7.871 r  cpu/alu_inst/mul_acc0_inferred__2/i___1_carry/O[3]
                         net (fo=3, routed)           0.970     8.842    cpu/rf/mul_acc0_inferred__2/i___36_carry__0[1]
    SLICE_X39Y6          LUT4 (Prop_lut4_I1_O)        0.306     9.148 r  cpu/rf/i___36_carry__0_i_1/O
                         net (fo=1, routed)           0.469     9.617    cpu/alu_inst/alu_result_r[5]_i_2[1]
    SLICE_X38Y5          CARRY4 (Prop_carry4_DI[3]_CO[3])
                                                      0.396    10.013 r  cpu/alu_inst/mul_acc0_inferred__2/i___36_carry__0/CO[3]
                         net (fo=1, routed)           0.000    10.013    cpu/alu_inst/mul_acc0_inferred__2/i___36_carry__0_n_0
    SLICE_X38Y6          CARRY4 (Prop_carry4_CI_O[0])
                                                      0.219    10.232 r  cpu/alu_inst/mul_acc0_inferred__2/i___36_carry__1/O[0]
                         net (fo=2, routed)           0.623    10.855    cpu/alu_inst/p_8_in[8]
    SLICE_X36Y5          CARRY4 (Prop_carry4_S[3]_CO[3])
                                                      0.696    11.551 r  cpu/alu_inst/alu_result_r_reg[7]_i_8/CO[3]
                         net (fo=1, routed)           0.000    11.551    cpu/rf/exec_c_i_14_0[0]
    SLICE_X36Y6          CARRY4 (Prop_carry4_CI_O[0])
                                                      0.222    11.773 r  cpu/rf/exec_c_reg_i_15/O[0]
                         net (fo=1, routed)           0.858    12.631    cpu/rf/mul_acc0[10]
    SLICE_X37Y6          LUT5 (Prop_lut5_I3_O)        0.299    12.930 f  cpu/rf/exec_c_i_14/O
                         net (fo=1, routed)           0.545    13.475    cpu/rf/exec_c_i_14_n_0
    SLICE_X39Y6          LUT6 (Prop_lut6_I0_O)        0.124    13.599 f  cpu/rf/exec_c_i_13/O
                         net (fo=1, routed)           0.796    14.395    cpu/rf/exec_c_i_13_n_0
    SLICE_X41Y8          LUT6 (Prop_lut6_I1_O)        0.124    14.519 f  cpu/rf/exec_c_i_7/O
                         net (fo=1, routed)           0.807    15.326    cpu/rf/exec_c_i_7_n_0
    SLICE_X41Y9          LUT6 (Prop_lut6_I5_O)        0.124    15.450 f  cpu/rf/exec_c_i_2/O
                         net (fo=1, routed)           0.298    15.748    cpu/rf/exec_c_i_2_n_0
    SLICE_X41Y11         LUT6 (Prop_lut6_I0_O)        0.124    15.872 r  cpu/rf/exec_c_i_1/O
                         net (fo=1, routed)           0.000    15.872    cpu/rf_n_26
    SLICE_X41Y11         FDRE                                         r  cpu/exec_c_reg/D
  -------------------------------------------------------------------    -------------------

Slack:                    inf
  Source:                 cpu/ir_reg[0]/C
                            (rising edge-triggered cell FDRE)
  Destination:            cpu/alu_result_r_reg[4]/D
  Path Group:             (none)
  Path Type:              Max at Slow Process Corner
  Data Path Delay:        15.561ns  (logic 5.319ns (34.182%)  route 10.242ns (65.818%))
  Logic Levels:           19  (CARRY4=8 FDRE=1 LUT2=1 LUT3=2 LUT5=2 LUT6=3 MUXF7=1 MUXF8=1)

    Location             Delay type                Incr(ns)  Path(ns)    Netlist Resource(s)
  -------------------------------------------------------------------    -------------------
    SLICE_X42Y12         FDRE                         0.000     0.000 r  cpu/ir_reg[0]/C
    SLICE_X42Y12         FDRE (Prop_fdre_C_Q)         0.518     0.518 r  cpu/ir_reg[0]/Q
                         net (fo=18, routed)          2.451     2.969    cpu/rf/registers_reg[0][0]_0[0]
    SLICE_X42Y7          LUT6 (Prop_lut6_I3_O)        0.124     3.093 f  cpu/rf/memory_reg_i_9/O
                         net (fo=40, routed)          1.098     4.190    cpu/rf/rs_val[1]
    SLICE_X42Y9          LUT5 (Prop_lut5_I2_O)        0.124     4.314 r  cpu/rf/i___7_carry_i_9/O
                         net (fo=6, routed)           0.714     5.029    cpu/rf/i___7_carry_i_9_n_0
    SLICE_X42Y9          LUT5 (Prop_lut5_I0_O)        0.124     5.153 r  cpu/rf/i___7_carry_i_1/O
                         net (fo=14, routed)          0.845     5.998    cpu/rf/registers_reg[0][6]_0
    SLICE_X45Y9          LUT2 (Prop_lut2_I1_O)        0.154     6.152 r  cpu/rf/i___7_carry__0_i_3/O
                         net (fo=1, routed)           0.617     6.769    cpu/alu_inst/alu_result_r[5]_i_17[1]
    SLICE_X44Y9          CARRY4 (Prop_carry4_DI[1]_CO[3])
                                                      0.710     7.479 r  cpu/alu_inst/result0_inferred__15/i___7_carry__0/CO[3]
                         net (fo=1, routed)           0.000     7.479    cpu/alu_inst/result0_inferred__15/i___7_carry__0_n_0
    SLICE_X44Y10         CARRY4 (Prop_carry4_CI_CO[0])
                                                      0.271     7.750 r  cpu/alu_inst/result0_inferred__15/i___7_carry__1/CO[0]
                         net (fo=12, routed)          1.032     8.782    cpu/rf/i___211_carry_i_41_0[0]
    SLICE_X43Y7          LUT3 (Prop_lut3_I0_O)        0.373     9.155 r  cpu/rf/i___211_carry_i_51/O
                         net (fo=1, routed)           0.000     9.155    cpu/rf/i___211_carry_i_51_n_0
    SLICE_X43Y7          CARRY4 (Prop_carry4_S[1]_CO[3])
                                                      0.550     9.705 r  cpu/rf/i___211_carry_i_41/CO[3]
                         net (fo=1, routed)           0.000     9.705    cpu/rf/i___211_carry_i_41_n_0
    SLICE_X43Y8          CARRY4 (Prop_carry4_CI_CO[3])
                                                      0.114     9.819 r  cpu/rf/alu_result_r_reg[5]_i_13/CO[3]
                         net (fo=1, routed)           0.000     9.819    cpu/rf/alu_result_r_reg[5]_i_13_n_0
    SLICE_X43Y9          CARRY4 (Prop_carry4_CI_CO[1])
                                                      0.157     9.976 r  cpu/rf/alu_result_r_reg[5]_i_12/CO[1]
                         net (fo=12, routed)          1.245    11.221    cpu/rf/alu_result_r_reg[5]_i_12_n_2
    SLICE_X45Y6          LUT3 (Prop_lut3_I0_O)        0.329    11.550 r  cpu/rf/i___211_carry_i_48/O
                         net (fo=1, routed)           0.000    11.550    cpu/rf/i___211_carry_i_48_n_0
    SLICE_X45Y6          CARRY4 (Prop_carry4_S[1]_CO[3])
                                                      0.550    12.100 r  cpu/rf/i___211_carry_i_31/CO[3]
                         net (fo=1, routed)           0.000    12.100    cpu/rf/i___211_carry_i_31_n_0
    SLICE_X45Y7          CARRY4 (Prop_carry4_CI_CO[3])
                                                      0.114    12.214 r  cpu/rf/i___211_carry_i_28/CO[3]
                         net (fo=1, routed)           0.000    12.214    cpu/rf/i___211_carry_i_28_n_0
    SLICE_X45Y8          CARRY4 (Prop_carry4_CI_CO[1])
                                                      0.157    12.371 r  cpu/rf/i___211_carry_i_27/CO[1]
                         net (fo=12, routed)          1.013    13.384    cpu/rf/i___211_carry_i_27_n_2
    SLICE_X38Y8          LUT6 (Prop_lut6_I2_O)        0.329    13.713 r  cpu/rf/alu_result_r[4]_i_12/O
                         net (fo=1, routed)           0.000    13.713    cpu/rf/alu_result_r[4]_i_12_n_0
    SLICE_X38Y8          MUXF7 (Prop_muxf7_I1_O)      0.214    13.927 r  cpu/rf/alu_result_r_reg[4]_i_8/O
                         net (fo=1, routed)           0.000    13.927    cpu/rf/alu_result_r_reg[4]_i_8_n_0
    SLICE_X38Y8          MUXF8 (Prop_muxf8_I1_O)      0.088    14.015 r  cpu/rf/alu_result_r_reg[4]_i_4/O
                         net (fo=1, routed)           0.591    14.606    cpu/rf/alu_result_r_reg[4]_i_4_n_0
    SLICE_X40Y8          LUT6 (Prop_lut6_I5_O)        0.319    14.925 r  cpu/rf/alu_result_r[4]_i_1/O
                         net (fo=2, routed)           0.636    15.561    cpu/rf_n_21
    SLICE_X44Y11         FDRE                                         r  cpu/alu_result_r_reg[4]/D
  -------------------------------------------------------------------    -------------------

Slack:                    inf
  Source:                 cpu/ir_reg[0]/C
                            (rising edge-triggered cell FDRE)
  Destination:            cpu/alu_result_r_reg[5]/D
  Path Group:             (none)
  Path Type:              Max at Slow Process Corner
  Data Path Delay:        13.744ns  (logic 3.796ns (27.619%)  route 9.948ns (72.381%))
  Logic Levels:           14  (CARRY4=5 FDRE=1 LUT2=1 LUT3=1 LUT4=1 LUT5=2 LUT6=3)

    Location             Delay type                Incr(ns)  Path(ns)    Netlist Resource(s)
  -------------------------------------------------------------------    -------------------
    SLICE_X42Y12         FDRE                         0.000     0.000 r  cpu/ir_reg[0]/C
    SLICE_X42Y12         FDRE (Prop_fdre_C_Q)         0.518     0.518 r  cpu/ir_reg[0]/Q
                         net (fo=18, routed)          2.451     2.969    cpu/rf/registers_reg[0][0]_0[0]
    SLICE_X42Y7          LUT6 (Prop_lut6_I3_O)        0.124     3.093 f  cpu/rf/memory_reg_i_9/O
                         net (fo=40, routed)          1.098     4.190    cpu/rf/rs_val[1]
    SLICE_X42Y9          LUT5 (Prop_lut5_I2_O)        0.124     4.314 r  cpu/rf/i___7_carry_i_9/O
                         net (fo=6, routed)           0.714     5.029    cpu/rf/i___7_carry_i_9_n_0
    SLICE_X42Y9          LUT5 (Prop_lut5_I0_O)        0.124     5.153 r  cpu/rf/i___7_carry_i_1/O
                         net (fo=14, routed)          0.845     5.998    cpu/rf/registers_reg[0][6]_0
    SLICE_X45Y9          LUT2 (Prop_lut2_I1_O)        0.154     6.152 r  cpu/rf/i___7_carry__0_i_3/O
                         net (fo=1, routed)           0.617     6.769    cpu/alu_inst/alu_result_r[5]_i_17[1]
    SLICE_X44Y9          CARRY4 (Prop_carry4_DI[1]_CO[3])
                                                      0.710     7.479 r  cpu/alu_inst/result0_inferred__15/i___7_carry__0/CO[3]
                         net (fo=1, routed)           0.000     7.479    cpu/alu_inst/result0_inferred__15/i___7_carry__0_n_0
    SLICE_X44Y10         CARRY4 (Prop_carry4_CI_CO[0])
                                                      0.271     7.750 r  cpu/alu_inst/result0_inferred__15/i___7_carry__1/CO[0]
                         net (fo=12, routed)          1.032     8.782    cpu/rf/i___211_carry_i_41_0[0]
    SLICE_X43Y7          LUT3 (Prop_lut3_I0_O)        0.373     9.155 r  cpu/rf/i___211_carry_i_51/O
                         net (fo=1, routed)           0.000     9.155    cpu/rf/i___211_carry_i_51_n_0
    SLICE_X43Y7          CARRY4 (Prop_carry4_S[1]_CO[3])
                                                      0.550     9.705 r  cpu/rf/i___211_carry_i_41/CO[3]
                         net (fo=1, routed)           0.000     9.705    cpu/rf/i___211_carry_i_41_n_0
    SLICE_X43Y8          CARRY4 (Prop_carry4_CI_CO[3])
                                                      0.114     9.819 r  cpu/rf/alu_result_r_reg[5]_i_13/CO[3]
                         net (fo=1, routed)           0.000     9.819    cpu/rf/alu_result_r_reg[5]_i_13_n_0
    SLICE_X43Y9          CARRY4 (Prop_carry4_CI_CO[1])
                                                      0.157     9.976 r  cpu/rf/alu_result_r_reg[5]_i_12/CO[1]
                         net (fo=12, routed)          0.603    10.579    cpu/rf/alu_result_r_reg[5]_i_12_n_2
    SLICE_X41Y10         LUT4 (Prop_lut4_I2_O)        0.329    10.908 r  cpu/rf/alu_result_r[5]_i_6/O
                         net (fo=1, routed)           0.807    11.715    cpu/rf/alu_result_r[5]_i_6_n_0
    SLICE_X38Y10         LUT6 (Prop_lut6_I0_O)        0.124    11.839 r  cpu/rf/alu_result_r[5]_i_3/O
                         net (fo=1, routed)           0.985    12.824    cpu/rf/alu_result_r[5]_i_3_n_0
    SLICE_X39Y8          LUT6 (Prop_lut6_I2_O)        0.124    12.948 r  cpu/rf/alu_result_r[5]_i_1/O
                         net (fo=2, routed)           0.796    13.744    cpu/rf_n_20
    SLICE_X43Y9          FDRE                                         r  cpu/alu_result_r_reg[5]/D
  -------------------------------------------------------------------    -------------------

Slack:                    inf
  Source:                 cpu/ir_reg[2]/C
                            (rising edge-triggered cell FDRE)
  Destination:            cpu/exec_s_reg/D
  Path Group:             (none)
  Path Type:              Max at Slow Process Corner
  Data Path Delay:        13.557ns  (logic 3.257ns (24.024%)  route 10.300ns (75.976%))
  Logic Levels:           14  (CARRY4=4 FDRE=1 LUT2=1 LUT4=1 LUT5=3 LUT6=4)

    Location             Delay type                Incr(ns)  Path(ns)    Netlist Resource(s)
  -------------------------------------------------------------------    -------------------
    SLICE_X41Y13         FDRE                         0.000     0.000 r  cpu/ir_reg[2]/C
    SLICE_X41Y13         FDRE (Prop_fdre_C_Q)         0.456     0.456 r  cpu/ir_reg[2]/Q
                         net (fo=26, routed)          1.960     2.416    cpu/rf/registers_reg[0][0]_0[2]
    SLICE_X42Y6          LUT6 (Prop_lut6_I4_O)        0.124     2.540 r  cpu/rf/memory_reg_i_18/O
                         net (fo=84, routed)          2.291     4.831    cpu/rf/DIADI[0]
    SLICE_X41Y8          LUT6 (Prop_lut6_I0_O)        0.124     4.955 r  cpu/rf/i__carry__0_i_11/O
                         net (fo=2, routed)           0.825     5.781    cpu/rf/i__carry__0_i_11_n_0
    SLICE_X40Y7          LUT5 (Prop_lut5_I1_O)        0.124     5.905 r  cpu/rf/i___0_carry__0_i_4/O
                         net (fo=1, routed)           0.000     5.905    cpu/alu_inst/i___16_carry__0_i_2_0[2]
    SLICE_X40Y7          CARRY4 (Prop_carry4_S[2]_O[2])
                                                      0.248     6.153 r  cpu/alu_inst/mul_acc0_inferred__0/i___0_carry__0/O[2]
                         net (fo=5, routed)           0.986     7.138    cpu/rf/alu_result_r_reg[6][2]
    SLICE_X40Y4          LUT5 (Prop_lut5_I2_O)        0.302     7.440 r  cpu/rf/i___1_carry_i_5/O
                         net (fo=1, routed)           0.000     7.440    cpu/alu_inst/i___36_carry_i_5_1[2]
    SLICE_X40Y4          CARRY4 (Prop_carry4_S[2]_O[2])
                                                      0.248     7.688 r  cpu/alu_inst/mul_acc0_inferred__2/i___1_carry/O[2]
                         net (fo=2, routed)           0.461     8.149    cpu/rf/mul_acc0_inferred__2/i___36_carry__0[0]
    SLICE_X39Y6          LUT4 (Prop_lut4_I1_O)        0.302     8.451 r  cpu/rf/i___36_carry__0_i_2/O
                         net (fo=2, routed)           0.997     9.448    cpu/rf/registers_reg[1][6]_0[0]
    SLICE_X38Y5          LUT5 (Prop_lut5_I0_O)        0.124     9.572 r  cpu/rf/i___36_carry__0_i_6/O
                         net (fo=1, routed)           0.000     9.572    cpu/alu_inst/alu_result_r[5]_i_2_0[0]
    SLICE_X38Y5          CARRY4 (Prop_carry4_S[2]_O[2])
                                                      0.250     9.822 r  cpu/alu_inst/mul_acc0_inferred__2/i___36_carry__0/O[2]
                         net (fo=3, routed)           0.815    10.637    cpu/alu_inst/p_8_in[6]
    SLICE_X36Y5          LUT2 (Prop_lut2_I0_O)        0.301    10.938 r  cpu/alu_inst/alu_result_r[7]_i_14/O
                         net (fo=1, routed)           0.000    10.938    cpu/alu_inst/alu_result_r[7]_i_14_n_0
    SLICE_X36Y5          CARRY4 (Prop_carry4_S[1]_O[1])
                                                      0.227    11.165 r  cpu/alu_inst/alu_result_r_reg[7]_i_8/O[1]
                         net (fo=1, routed)           0.450    11.615    cpu/rf/exec_c_i_13_0[1]
    SLICE_X39Y7          LUT6 (Prop_lut6_I4_O)        0.303    11.918 r  cpu/rf/alu_result_r[7]_i_2/O
                         net (fo=1, routed)           0.715    12.633    cpu/rf/alu_result_r[7]_i_2_n_0
    SLICE_X39Y10         LUT6 (Prop_lut6_I0_O)        0.124    12.757 r  cpu/rf/alu_result_r[7]_i_1/O
                         net (fo=3, routed)           0.800    13.557    cpu/S_alu
    SLICE_X45Y12         FDRE                                         r  cpu/exec_s_reg/D
  -------------------------------------------------------------------    -------------------

Slack:                    inf
  Source:                 cpu/ir_reg[2]/C
                            (rising edge-triggered cell FDRE)
  Destination:            cpu/alu_result_r_reg[7]/D
  Path Group:             (none)
  Path Type:              Max at Slow Process Corner
  Data Path Delay:        13.278ns  (logic 3.257ns (24.529%)  route 10.021ns (75.471%))
  Logic Levels:           14  (CARRY4=4 FDRE=1 LUT2=1 LUT4=1 LUT5=3 LUT6=4)

    Location             Delay type                Incr(ns)  Path(ns)    Netlist Resource(s)
  -------------------------------------------------------------------    -------------------
    SLICE_X41Y13         FDRE                         0.000     0.000 r  cpu/ir_reg[2]/C
    SLICE_X41Y13         FDRE (Prop_fdre_C_Q)         0.456     0.456 r  cpu/ir_reg[2]/Q
                         net (fo=26, routed)          1.960     2.416    cpu/rf/registers_reg[0][0]_0[2]
    SLICE_X42Y6          LUT6 (Prop_lut6_I4_O)        0.124     2.540 r  cpu/rf/memory_reg_i_18/O
                         net (fo=84, routed)          2.291     4.831    cpu/rf/DIADI[0]
    SLICE_X41Y8          LUT6 (Prop_lut6_I0_O)        0.124     4.955 r  cpu/rf/i__carry__0_i_11/O
                         net (fo=2, routed)           0.825     5.781    cpu/rf/i__carry__0_i_11_n_0
    SLICE_X40Y7          LUT5 (Prop_lut5_I1_O)        0.124     5.905 r  cpu/rf/i___0_carry__0_i_4/O
                         net (fo=1, routed)           0.000     5.905    cpu/alu_inst/i___16_carry__0_i_2_0[2]
    SLICE_X40Y7          CARRY4 (Prop_carry4_S[2]_O[2])
                                                      0.248     6.153 r  cpu/alu_inst/mul_acc0_inferred__0/i___0_carry__0/O[2]
                         net (fo=5, routed)           0.986     7.138    cpu/rf/alu_result_r_reg[6][2]
    SLICE_X40Y4          LUT5 (Prop_lut5_I2_O)        0.302     7.440 r  cpu/rf/i___1_carry_i_5/O
                         net (fo=1, routed)           0.000     7.440    cpu/alu_inst/i___36_carry_i_5_1[2]
    SLICE_X40Y4          CARRY4 (Prop_carry4_S[2]_O[2])
                                                      0.248     7.688 r  cpu/alu_inst/mul_acc0_inferred__2/i___1_carry/O[2]
                         net (fo=2, routed)           0.461     8.149    cpu/rf/mul_acc0_inferred__2/i___36_carry__0[0]
    SLICE_X39Y6          LUT4 (Prop_lut4_I1_O)        0.302     8.451 r  cpu/rf/i___36_carry__0_i_2/O
                         net (fo=2, routed)           0.997     9.448    cpu/rf/registers_reg[1][6]_0[0]
    SLICE_X38Y5          LUT5 (Prop_lut5_I0_O)        0.124     9.572 r  cpu/rf/i___36_carry__0_i_6/O
                         net (fo=1, routed)           0.000     9.572    cpu/alu_inst/alu_result_r[5]_i_2_0[0]
    SLICE_X38Y5          CARRY4 (Prop_carry4_S[2]_O[2])
                                                      0.250     9.822 r  cpu/alu_inst/mul_acc0_inferred__2/i___36_carry__0/O[2]
                         net (fo=3, routed)           0.815    10.637    cpu/alu_inst/p_8_in[6]
    SLICE_X36Y5          LUT2 (Prop_lut2_I0_O)        0.301    10.938 r  cpu/alu_inst/alu_result_r[7]_i_14/O
                         net (fo=1, routed)           0.000    10.938    cpu/alu_inst/alu_result_r[7]_i_14_n_0
    SLICE_X36Y5          CARRY4 (Prop_carry4_S[1]_O[1])
                                                      0.227    11.165 r  cpu/alu_inst/alu_result_r_reg[7]_i_8/O[1]
                         net (fo=1, routed)           0.450    11.615    cpu/rf/exec_c_i_13_0[1]
    SLICE_X39Y7          LUT6 (Prop_lut6_I4_O)        0.303    11.918 r  cpu/rf/alu_result_r[7]_i_2/O
                         net (fo=1, routed)           0.715    12.633    cpu/rf/alu_result_r[7]_i_2_n_0
    SLICE_X39Y10         LUT6 (Prop_lut6_I0_O)        0.124    12.757 r  cpu/rf/alu_result_r[7]_i_1/O
                         net (fo=3, routed)           0.522    13.278    cpu/S_alu
    SLICE_X45Y10         FDRE                                         r  cpu/alu_result_r_reg[7]/D
  -------------------------------------------------------------------    -------------------





Min Delay Paths
--------------------------------------------------------------------------------------
Slack:                    inf
  Source:                 cpu/FSM_onehot_state_reg[4]/C
                            (rising edge-triggered cell FDRE)
  Destination:            cpu/FSM_onehot_state_reg[3]/D
  Path Group:             (none)
  Path Type:              Min at Fast Process Corner
  Data Path Delay:        0.218ns  (logic 0.141ns (64.541%)  route 0.077ns (35.459%))
  Logic Levels:           1  (FDRE=1)

    Location             Delay type                Incr(ns)  Path(ns)    Netlist Resource(s)
  -------------------------------------------------------------------    -------------------
    SLICE_X44Y16         FDRE                         0.000     0.000 r  cpu/FSM_onehot_state_reg[4]/C
    SLICE_X44Y16         FDRE (Prop_fdre_C_Q)         0.141     0.141 r  cpu/FSM_onehot_state_reg[4]/Q
                         net (fo=3, routed)           0.077     0.218    cpu/FSM_onehot_state_reg_n_0_[4]
    SLICE_X44Y16         FDRE                                         r  cpu/FSM_onehot_state_reg[3]/D
  -------------------------------------------------------------------    -------------------

Slack:                    inf
  Source:                 cpu/FSM_onehot_state_reg[3]/C
                            (rising edge-triggered cell FDRE)
  Destination:            cpu/FSM_onehot_state_reg[2]/D
  Path Group:             (none)
  Path Type:              Min at Fast Process Corner
  Data Path Delay:        0.219ns  (logic 0.128ns (58.523%)  route 0.091ns (41.477%))
  Logic Levels:           1  (FDRE=1)

    Location             Delay type                Incr(ns)  Path(ns)    Netlist Resource(s)
  -------------------------------------------------------------------    -------------------
    SLICE_X44Y16         FDRE                         0.000     0.000 r  cpu/FSM_onehot_state_reg[3]/C
    SLICE_X44Y16         FDRE (Prop_fdre_C_Q)         0.128     0.128 r  cpu/FSM_onehot_state_reg[3]/Q
                         net (fo=12, routed)          0.091     0.219    cpu/alu_result_r
    SLICE_X45Y16         FDRE                                         r  cpu/FSM_onehot_state_reg[2]/D
  -------------------------------------------------------------------    -------------------

Slack:                    inf
  Source:                 cpu/pc_q_reg[7]/C
                            (rising edge-triggered cell FDRE)
  Destination:            cpu/pc_q_reg[7]/D
  Path Group:             (none)
  Path Type:              Min at Fast Process Corner
  Data Path Delay:        0.308ns  (logic 0.186ns (60.417%)  route 0.122ns (39.583%))
  Logic Levels:           2  (FDRE=1 LUT5=1)

    Location             Delay type                Incr(ns)  Path(ns)    Netlist Resource(s)
  -------------------------------------------------------------------    -------------------
    SLICE_X45Y14         FDRE                         0.000     0.000 r  cpu/pc_q_reg[7]/C
    SLICE_X45Y14         FDRE (Prop_fdre_C_Q)         0.141     0.141 r  cpu/pc_q_reg[7]/Q
                         net (fo=2, routed)           0.122     0.263    cpu/rf/pc_q_reg[7]_0[7]
    SLICE_X45Y14         LUT5 (Prop_lut5_I2_O)        0.045     0.308 r  cpu/rf/pc_q[7]_i_1/O
                         net (fo=1, routed)           0.000     0.308    cpu/next_pc[7]
    SLICE_X45Y14         FDRE                                         r  cpu/pc_q_reg[7]/D
  -------------------------------------------------------------------    -------------------

Slack:                    inf
  Source:                 cpu/FSM_onehot_state_reg[0]/C
                            (rising edge-triggered cell FDSE)
  Destination:            cpu/FSM_onehot_state_reg[4]/D
  Path Group:             (none)
  Path Type:              Min at Fast Process Corner
  Data Path Delay:        0.318ns  (logic 0.186ns (58.446%)  route 0.132ns (41.554%))
  Logic Levels:           2  (FDSE=1 LUT6=1)

    Location             Delay type                Incr(ns)  Path(ns)    Netlist Resource(s)
  -------------------------------------------------------------------    -------------------
    SLICE_X45Y16         FDSE                         0.000     0.000 r  cpu/FSM_onehot_state_reg[0]/C
    SLICE_X45Y16         FDSE (Prop_fdse_C_Q)         0.141     0.141 r  cpu/FSM_onehot_state_reg[0]/Q
                         net (fo=19, routed)          0.132     0.273    cpu/ir
    SLICE_X44Y16         LUT6 (Prop_lut6_I0_O)        0.045     0.318 r  cpu/FSM_onehot_state[4]_i_1/O
                         net (fo=1, routed)           0.000     0.318    cpu/FSM_onehot_state[4]_i_1_n_0
    SLICE_X44Y16         FDRE                                         r  cpu/FSM_onehot_state_reg[4]/D
  -------------------------------------------------------------------    -------------------

Slack:                    inf
  Source:                 cpu/FSM_onehot_state_reg[1]/C
                            (rising edge-triggered cell FDRE)
  Destination:            cpu/pc_q_reg[3]/CE
  Path Group:             (none)
  Path Type:              Min at Fast Process Corner
  Data Path Delay:        0.319ns  (logic 0.141ns (44.227%)  route 0.178ns (55.773%))
  Logic Levels:           1  (FDRE=1)

    Location             Delay type                Incr(ns)  Path(ns)    Netlist Resource(s)
  -------------------------------------------------------------------    -------------------
    SLICE_X45Y16         FDRE                         0.000     0.000 r  cpu/FSM_onehot_state_reg[1]/C
    SLICE_X45Y16         FDRE (Prop_fdre_C_Q)         0.141     0.141 r  cpu/FSM_onehot_state_reg[1]/Q
                         net (fo=15, routed)          0.178     0.319    cpu/p_0_in
    SLICE_X44Y14         FDRE                                         r  cpu/pc_q_reg[3]/CE
  -------------------------------------------------------------------    -------------------

Slack:                    inf
  Source:                 cpu/FSM_onehot_state_reg[1]/C
                            (rising edge-triggered cell FDRE)
  Destination:            cpu/pc_q_reg[6]/CE
  Path Group:             (none)
  Path Type:              Min at Fast Process Corner
  Data Path Delay:        0.319ns  (logic 0.141ns (44.227%)  route 0.178ns (55.773%))
  Logic Levels:           1  (FDRE=1)

    Location             Delay type                Incr(ns)  Path(ns)    Netlist Resource(s)
  -------------------------------------------------------------------    -------------------
    SLICE_X45Y16         FDRE                         0.000     0.000 r  cpu/FSM_onehot_state_reg[1]/C
    SLICE_X45Y16         FDRE (Prop_fdre_C_Q)         0.141     0.141 r  cpu/FSM_onehot_state_reg[1]/Q
                         net (fo=15, routed)          0.178     0.319    cpu/p_0_in
    SLICE_X45Y14         FDRE                                         r  cpu/pc_q_reg[6]/CE
  -------------------------------------------------------------------    -------------------

Slack:                    inf
  Source:                 cpu/FSM_onehot_state_reg[1]/C
                            (rising edge-triggered cell FDRE)
  Destination:            cpu/pc_q_reg[7]/CE
  Path Group:             (none)
  Path Type:              Min at Fast Process Corner
  Data Path Delay:        0.319ns  (logic 0.141ns (44.227%)  route 0.178ns (55.773%))
  Logic Levels:           1  (FDRE=1)

    Location             Delay type                Incr(ns)  Path(ns)    Netlist Resource(s)
  -------------------------------------------------------------------    -------------------
    SLICE_X45Y16         FDRE                         0.000     0.000 r  cpu/FSM_onehot_state_reg[1]/C
    SLICE_X45Y16         FDRE (Prop_fdre_C_Q)         0.141     0.141 r  cpu/FSM_onehot_state_reg[1]/Q
                         net (fo=15, routed)          0.178     0.319    cpu/p_0_in
    SLICE_X45Y14         FDRE                                         r  cpu/pc_q_reg[7]/CE
  -------------------------------------------------------------------    -------------------

Slack:                    inf
  Source:                 cpu/FSM_onehot_state_reg[0]/C
                            (rising edge-triggered cell FDSE)
  Destination:            cpu/FSM_onehot_state_reg[5]/D
  Path Group:             (none)
  Path Type:              Min at Fast Process Corner
  Data Path Delay:        0.319ns  (logic 0.186ns (58.263%)  route 0.133ns (41.737%))
  Logic Levels:           2  (FDSE=1 LUT6=1)

    Location             Delay type                Incr(ns)  Path(ns)    Netlist Resource(s)
  -------------------------------------------------------------------    -------------------
    SLICE_X45Y16         FDSE                         0.000     0.000 r  cpu/FSM_onehot_state_reg[0]/C
    SLICE_X45Y16         FDSE (Prop_fdse_C_Q)         0.141     0.141 r  cpu/FSM_onehot_state_reg[0]/Q
                         net (fo=19, routed)          0.133     0.274    cpu/ir
    SLICE_X44Y16         LUT6 (Prop_lut6_I0_O)        0.045     0.319 r  cpu/FSM_onehot_state[5]_i_2/O
                         net (fo=2, routed)           0.000     0.319    cpu/FSM_onehot_state[5]_i_2_n_0
    SLICE_X44Y16         FDRE                                         r  cpu/FSM_onehot_state_reg[5]/D
  -------------------------------------------------------------------    -------------------

Slack:                    inf
  Source:                 btnd_d2_reg/C
                            (rising edge-triggered cell FDCE)
  Destination:            btnd_d3_reg/D
  Path Group:             (none)
  Path Type:              Min at Fast Process Corner
  Data Path Delay:        0.345ns  (logic 0.141ns (40.905%)  route 0.204ns (59.095%))
  Logic Levels:           1  (FDCE=1)

    Location             Delay type                Incr(ns)  Path(ns)    Netlist Resource(s)
  -------------------------------------------------------------------    -------------------
    SLICE_X37Y12         FDCE                         0.000     0.000 r  btnd_d2_reg/C
    SLICE_X37Y12         FDCE (Prop_fdce_C_Q)         0.141     0.141 r  btnd_d2_reg/Q
                         net (fo=10, routed)          0.204     0.345    btnd_d2
    SLICE_X44Y10         FDCE                                         r  btnd_d3_reg/D
  -------------------------------------------------------------------    -------------------

Slack:                    inf
  Source:                 cpu/FSM_onehot_state_reg[0]/C
                            (rising edge-triggered cell FDSE)
  Destination:            cpu/ir_reg[2]_lopt_replica/CE
  Path Group:             (none)
  Path Type:              Min at Fast Process Corner
  Data Path Delay:        0.348ns  (logic 0.141ns (40.563%)  route 0.207ns (59.437%))
  Logic Levels:           1  (FDSE=1)

    Location             Delay type                Incr(ns)  Path(ns)    Netlist Resource(s)
  -------------------------------------------------------------------    -------------------
    SLICE_X45Y16         FDSE                         0.000     0.000 r  cpu/FSM_onehot_state_reg[0]/C
    SLICE_X45Y16         FDSE (Prop_fdse_C_Q)         0.141     0.141 r  cpu/FSM_onehot_state_reg[0]/Q
                         net (fo=19, routed)          0.207     0.348    cpu/ir
    SLICE_X40Y16         FDRE                                         r  cpu/ir_reg[2]_lopt_replica/CE
  -------------------------------------------------------------------    -------------------





--------------------------------------------------------------------------------------
Path Group:  (none)
From Clock:  sys_clk_pin
  To Clock:  

Max Delay            11 Endpoints
Min Delay            11 Endpoints
--------------------------------------------------------------------------------------


Max Delay Paths
--------------------------------------------------------------------------------------
Slack:                    inf
  Source:                 ssd/refresh_counter_reg[17]/C
                            (rising edge-triggered cell FDRE clocked by sys_clk_pin  {rise@0.000ns fall@5.000ns period=10.000ns})
  Destination:            seg[0]
                            (output port)
  Path Group:             (none)
  Path Type:              Max at Slow Process Corner
  Data Path Delay:        8.980ns  (logic 4.505ns (50.164%)  route 4.475ns (49.836%))
  Logic Levels:           3  (LUT4=1 LUT6=1 OBUF=1)
  Clock Uncertainty:      0.025ns  ((TSJ^2 + TIJ^2)^1/2 + DJ) / 2 + PE
    Total System Jitter     (TSJ):    0.050ns
    Total Input Jitter      (TIJ):    0.000ns
    Discrete Jitter          (DJ):    0.000ns
    Phase Error              (PE):    0.000ns

    Location             Delay type                Incr(ns)  Path(ns)    Netlist Resource(s)
  -------------------------------------------------------------------    -------------------
                         (clock sys_clk_pin rise edge)
                                                      0.000     0.000 r  
    W5                                                0.000     0.000 r  clk (IN)
                         net (fo=0)                   0.000     0.000    clk
    W5                   IBUF (Prop_ibuf_I_O)         1.458     1.458 r  clk_IBUF_inst/O
                         net (fo=1, routed)           1.967     3.425    clk_IBUF
    BUFGCTRL_X0Y1        BUFG (Prop_bufg_I_O)         0.096     3.521 r  clk_IBUF_BUFG_inst/O
                         net (fo=46, routed)          1.560     5.081    ssd/clk
    SLICE_X46Y15         FDRE                                         r  ssd/refresh_counter_reg[17]/C
  -------------------------------------------------------------------    -------------------
    SLICE_X46Y15         FDRE (Prop_fdre_C_Q)         0.518     5.599 r  ssd/refresh_counter_reg[17]/Q
                         net (fo=9, routed)           0.849     6.448    cpu/digit_sel[1]
    SLICE_X45Y14         LUT6 (Prop_lut6_I4_O)        0.124     6.572 r  cpu/seg_OBUF[6]_inst_i_2/O
                         net (fo=7, routed)           1.751     8.323    cpu/seg_OBUF[6]_inst_i_2_n_0
    SLICE_X65Y17         LUT4 (Prop_lut4_I0_O)        0.150     8.473 r  cpu/seg_OBUF[0]_inst_i_1/O
                         net (fo=1, routed)           1.875    10.349    seg_OBUF[0]
    W7                   OBUF (Prop_obuf_I_O)         3.713    14.061 r  seg_OBUF[0]_inst/O
                         net (fo=0)                   0.000    14.061    seg[0]
    W7                                                                r  seg[0] (OUT)
  -------------------------------------------------------------------    -------------------

Slack:                    inf
  Source:                 ssd/refresh_counter_reg[17]/C
                            (rising edge-triggered cell FDRE clocked by sys_clk_pin  {rise@0.000ns fall@5.000ns period=10.000ns})
  Destination:            seg[4]
                            (output port)
  Path Group:             (none)
  Path Type:              Max at Slow Process Corner
  Data Path Delay:        8.794ns  (logic 4.522ns (51.423%)  route 4.272ns (48.577%))
  Logic Levels:           3  (LUT4=1 LUT6=1 OBUF=1)
  Clock Uncertainty:      0.025ns  ((TSJ^2 + TIJ^2)^1/2 + DJ) / 2 + PE
    Total System Jitter     (TSJ):    0.050ns
    Total Input Jitter      (TIJ):    0.000ns
    Discrete Jitter          (DJ):    0.000ns
    Phase Error              (PE):    0.000ns

    Location             Delay type                Incr(ns)  Path(ns)    Netlist Resource(s)
  -------------------------------------------------------------------    -------------------
                         (clock sys_clk_pin rise edge)
                                                      0.000     0.000 r  
    W5                                                0.000     0.000 r  clk (IN)
                         net (fo=0)                   0.000     0.000    clk
    W5                   IBUF (Prop_ibuf_I_O)         1.458     1.458 r  clk_IBUF_inst/O
                         net (fo=1, routed)           1.967     3.425    clk_IBUF
    BUFGCTRL_X0Y1        BUFG (Prop_bufg_I_O)         0.096     3.521 r  clk_IBUF_BUFG_inst/O
                         net (fo=46, routed)          1.560     5.081    ssd/clk
    SLICE_X46Y15         FDRE                                         r  ssd/refresh_counter_reg[17]/C
  -------------------------------------------------------------------    -------------------
    SLICE_X46Y15         FDRE (Prop_fdre_C_Q)         0.518     5.599 r  ssd/refresh_counter_reg[17]/Q
                         net (fo=9, routed)           0.849     6.448    cpu/digit_sel[1]
    SLICE_X45Y14         LUT6 (Prop_lut6_I4_O)        0.124     6.572 r  cpu/seg_OBUF[6]_inst_i_2/O
                         net (fo=7, routed)           1.756     8.328    cpu/seg_OBUF[6]_inst_i_2_n_0
    SLICE_X65Y17         LUT4 (Prop_lut4_I3_O)        0.152     8.480 r  cpu/seg_OBUF[4]_inst_i_1/O
                         net (fo=1, routed)           1.667    10.147    seg_OBUF[4]
    U5                   OBUF (Prop_obuf_I_O)         3.728    13.875 r  seg_OBUF[4]_inst/O
                         net (fo=0)                   0.000    13.875    seg[4]
    U5                                                                r  seg[4] (OUT)
  -------------------------------------------------------------------    -------------------

Slack:                    inf
  Source:                 ssd/refresh_counter_reg[17]/C
                            (rising edge-triggered cell FDRE clocked by sys_clk_pin  {rise@0.000ns fall@5.000ns period=10.000ns})
  Destination:            seg[3]
                            (output port)
  Path Group:             (none)
  Path Type:              Max at Slow Process Corner
  Data Path Delay:        8.772ns  (logic 4.302ns (49.038%)  route 4.470ns (50.962%))
  Logic Levels:           3  (LUT4=1 LUT6=1 OBUF=1)
  Clock Uncertainty:      0.025ns  ((TSJ^2 + TIJ^2)^1/2 + DJ) / 2 + PE
    Total System Jitter     (TSJ):    0.050ns
    Total Input Jitter      (TIJ):    0.000ns
    Discrete Jitter          (DJ):    0.000ns
    Phase Error              (PE):    0.000ns

    Location             Delay type                Incr(ns)  Path(ns)    Netlist Resource(s)
  -------------------------------------------------------------------    -------------------
                         (clock sys_clk_pin rise edge)
                                                      0.000     0.000 r  
    W5                                                0.000     0.000 r  clk (IN)
                         net (fo=0)                   0.000     0.000    clk
    W5                   IBUF (Prop_ibuf_I_O)         1.458     1.458 r  clk_IBUF_inst/O
                         net (fo=1, routed)           1.967     3.425    clk_IBUF
    BUFGCTRL_X0Y1        BUFG (Prop_bufg_I_O)         0.096     3.521 r  clk_IBUF_BUFG_inst/O
                         net (fo=46, routed)          1.560     5.081    ssd/clk
    SLICE_X46Y15         FDRE                                         r  ssd/refresh_counter_reg[17]/C
  -------------------------------------------------------------------    -------------------
    SLICE_X46Y15         FDRE (Prop_fdre_C_Q)         0.518     5.599 r  ssd/refresh_counter_reg[17]/Q
                         net (fo=9, routed)           0.849     6.448    cpu/digit_sel[1]
    SLICE_X45Y14         LUT6 (Prop_lut6_I4_O)        0.124     6.572 r  cpu/seg_OBUF[6]_inst_i_2/O
                         net (fo=7, routed)           1.756     8.328    cpu/seg_OBUF[6]_inst_i_2_n_0
    SLICE_X65Y17         LUT4 (Prop_lut4_I3_O)        0.124     8.452 r  cpu/seg_OBUF[3]_inst_i_1/O
                         net (fo=1, routed)           1.865    10.318    seg_OBUF[3]
    V8                   OBUF (Prop_obuf_I_O)         3.536    13.853 r  seg_OBUF[3]_inst/O
                         net (fo=0)                   0.000    13.853    seg[3]
    V8                                                                r  seg[3] (OUT)
  -------------------------------------------------------------------    -------------------

Slack:                    inf
  Source:                 ssd/refresh_counter_reg[17]/C
                            (rising edge-triggered cell FDRE clocked by sys_clk_pin  {rise@0.000ns fall@5.000ns period=10.000ns})
  Destination:            seg[1]
                            (output port)
  Path Group:             (none)
  Path Type:              Max at Slow Process Corner
  Data Path Delay:        8.755ns  (logic 4.295ns (49.058%)  route 4.460ns (50.942%))
  Logic Levels:           3  (LUT4=1 LUT6=1 OBUF=1)
  Clock Uncertainty:      0.025ns  ((TSJ^2 + TIJ^2)^1/2 + DJ) / 2 + PE
    Total System Jitter     (TSJ):    0.050ns
    Total Input Jitter      (TIJ):    0.000ns
    Discrete Jitter          (DJ):    0.000ns
    Phase Error              (PE):    0.000ns

    Location             Delay type                Incr(ns)  Path(ns)    Netlist Resource(s)
  -------------------------------------------------------------------    -------------------
                         (clock sys_clk_pin rise edge)
                                                      0.000     0.000 r  
    W5                                                0.000     0.000 r  clk (IN)
                         net (fo=0)                   0.000     0.000    clk
    W5                   IBUF (Prop_ibuf_I_O)         1.458     1.458 r  clk_IBUF_inst/O
                         net (fo=1, routed)           1.967     3.425    clk_IBUF
    BUFGCTRL_X0Y1        BUFG (Prop_bufg_I_O)         0.096     3.521 r  clk_IBUF_BUFG_inst/O
                         net (fo=46, routed)          1.560     5.081    ssd/clk
    SLICE_X46Y15         FDRE                                         r  ssd/refresh_counter_reg[17]/C
  -------------------------------------------------------------------    -------------------
    SLICE_X46Y15         FDRE (Prop_fdre_C_Q)         0.518     5.599 r  ssd/refresh_counter_reg[17]/Q
                         net (fo=9, routed)           0.849     6.448    cpu/digit_sel[1]
    SLICE_X45Y14         LUT6 (Prop_lut6_I4_O)        0.124     6.572 r  cpu/seg_OBUF[6]_inst_i_2/O
                         net (fo=7, routed)           1.751     8.323    cpu/seg_OBUF[6]_inst_i_2_n_0
    SLICE_X65Y17         LUT4 (Prop_lut4_I3_O)        0.124     8.447 r  cpu/seg_OBUF[1]_inst_i_1/O
                         net (fo=1, routed)           1.860    10.307    seg_OBUF[1]
    W6                   OBUF (Prop_obuf_I_O)         3.529    13.836 r  seg_OBUF[1]_inst/O
                         net (fo=0)                   0.000    13.836    seg[1]
    W6                                                                r  seg[1] (OUT)
  -------------------------------------------------------------------    -------------------

Slack:                    inf
  Source:                 ssd/refresh_counter_reg[17]/C
                            (rising edge-triggered cell FDRE clocked by sys_clk_pin  {rise@0.000ns fall@5.000ns period=10.000ns})
  Destination:            seg[6]
                            (output port)
  Path Group:             (none)
  Path Type:              Max at Slow Process Corner
  Data Path Delay:        8.723ns  (logic 4.529ns (51.928%)  route 4.193ns (48.072%))
  Logic Levels:           3  (LUT4=1 LUT6=1 OBUF=1)
  Clock Uncertainty:      0.025ns  ((TSJ^2 + TIJ^2)^1/2 + DJ) / 2 + PE
    Total System Jitter     (TSJ):    0.050ns
    Total Input Jitter      (TIJ):    0.000ns
    Discrete Jitter          (DJ):    0.000ns
    Phase Error              (PE):    0.000ns

    Location             Delay type                Incr(ns)  Path(ns)    Netlist Resource(s)
  -------------------------------------------------------------------    -------------------
                         (clock sys_clk_pin rise edge)
                                                      0.000     0.000 r  
    W5                                                0.000     0.000 r  clk (IN)
                         net (fo=0)                   0.000     0.000    clk
    W5                   IBUF (Prop_ibuf_I_O)         1.458     1.458 r  clk_IBUF_inst/O
                         net (fo=1, routed)           1.967     3.425    clk_IBUF
    BUFGCTRL_X0Y1        BUFG (Prop_bufg_I_O)         0.096     3.521 r  clk_IBUF_BUFG_inst/O
                         net (fo=46, routed)          1.560     5.081    ssd/clk
    SLICE_X46Y15         FDRE                                         r  ssd/refresh_counter_reg[17]/C
  -------------------------------------------------------------------    -------------------
    SLICE_X46Y15         FDRE (Prop_fdre_C_Q)         0.518     5.599 r  ssd/refresh_counter_reg[17]/Q
                         net (fo=9, routed)           0.849     6.448    cpu/digit_sel[1]
    SLICE_X45Y14         LUT6 (Prop_lut6_I4_O)        0.124     6.572 r  cpu/seg_OBUF[6]_inst_i_2/O
                         net (fo=7, routed)           1.487     8.059    cpu/seg_OBUF[6]_inst_i_2_n_0
    SLICE_X65Y17         LUT4 (Prop_lut4_I0_O)        0.153     8.212 r  cpu/seg_OBUF[6]_inst_i_1/O
                         net (fo=1, routed)           1.857    10.069    seg_OBUF[6]
    U7                   OBUF (Prop_obuf_I_O)         3.734    13.804 r  seg_OBUF[6]_inst/O
                         net (fo=0)                   0.000    13.804    seg[6]
    U7                                                                r  seg[6] (OUT)
  -------------------------------------------------------------------    -------------------

Slack:                    inf
  Source:                 ssd/refresh_counter_reg[17]/C
                            (rising edge-triggered cell FDRE clocked by sys_clk_pin  {rise@0.000ns fall@5.000ns period=10.000ns})
  Destination:            seg[2]
                            (output port)
  Path Group:             (none)
  Path Type:              Max at Slow Process Corner
  Data Path Delay:        8.493ns  (logic 4.301ns (50.643%)  route 4.192ns (49.357%))
  Logic Levels:           3  (LUT4=1 LUT6=1 OBUF=1)
  Clock Uncertainty:      0.025ns  ((TSJ^2 + TIJ^2)^1/2 + DJ) / 2 + PE
    Total System Jitter     (TSJ):    0.050ns
    Total Input Jitter      (TIJ):    0.000ns
    Discrete Jitter          (DJ):    0.000ns
    Phase Error              (PE):    0.000ns

    Location             Delay type                Incr(ns)  Path(ns)    Netlist Resource(s)
  -------------------------------------------------------------------    -------------------
                         (clock sys_clk_pin rise edge)
                                                      0.000     0.000 r  
    W5                                                0.000     0.000 r  clk (IN)
                         net (fo=0)                   0.000     0.000    clk
    W5                   IBUF (Prop_ibuf_I_O)         1.458     1.458 r  clk_IBUF_inst/O
                         net (fo=1, routed)           1.967     3.425    clk_IBUF
    BUFGCTRL_X0Y1        BUFG (Prop_bufg_I_O)         0.096     3.521 r  clk_IBUF_BUFG_inst/O
                         net (fo=46, routed)          1.560     5.081    ssd/clk
    SLICE_X46Y15         FDRE                                         r  ssd/refresh_counter_reg[17]/C
  -------------------------------------------------------------------    -------------------
    SLICE_X46Y15         FDRE (Prop_fdre_C_Q)         0.518     5.599 r  ssd/refresh_counter_reg[17]/Q
                         net (fo=9, routed)           0.849     6.448    cpu/digit_sel[1]
    SLICE_X45Y14         LUT6 (Prop_lut6_I4_O)        0.124     6.572 r  cpu/seg_OBUF[6]_inst_i_2/O
                         net (fo=7, routed)           1.490     8.062    cpu/seg_OBUF[6]_inst_i_2_n_0
    SLICE_X65Y17         LUT4 (Prop_lut4_I0_O)        0.124     8.186 r  cpu/seg_OBUF[2]_inst_i_1/O
                         net (fo=1, routed)           1.853    10.039    seg_OBUF[2]
    U8                   OBUF (Prop_obuf_I_O)         3.535    13.574 r  seg_OBUF[2]_inst/O
                         net (fo=0)                   0.000    13.574    seg[2]
    U8                                                                r  seg[2] (OUT)
  -------------------------------------------------------------------    -------------------

Slack:                    inf
  Source:                 ssd/refresh_counter_reg[17]/C
                            (rising edge-triggered cell FDRE clocked by sys_clk_pin  {rise@0.000ns fall@5.000ns period=10.000ns})
  Destination:            seg[5]
                            (output port)
  Path Group:             (none)
  Path Type:              Max at Slow Process Corner
  Data Path Delay:        8.267ns  (logic 4.270ns (51.656%)  route 3.997ns (48.344%))
  Logic Levels:           3  (LUT4=1 LUT6=1 OBUF=1)
  Clock Uncertainty:      0.025ns  ((TSJ^2 + TIJ^2)^1/2 + DJ) / 2 + PE
    Total System Jitter     (TSJ):    0.050ns
    Total Input Jitter      (TIJ):    0.000ns
    Discrete Jitter          (DJ):    0.000ns
    Phase Error              (PE):    0.000ns

    Location             Delay type                Incr(ns)  Path(ns)    Netlist Resource(s)
  -------------------------------------------------------------------    -------------------
                         (clock sys_clk_pin rise edge)
                                                      0.000     0.000 r  
    W5                                                0.000     0.000 r  clk (IN)
                         net (fo=0)                   0.000     0.000    clk
    W5                   IBUF (Prop_ibuf_I_O)         1.458     1.458 r  clk_IBUF_inst/O
                         net (fo=1, routed)           1.967     3.425    clk_IBUF
    BUFGCTRL_X0Y1        BUFG (Prop_bufg_I_O)         0.096     3.521 r  clk_IBUF_BUFG_inst/O
                         net (fo=46, routed)          1.560     5.081    ssd/clk
    SLICE_X46Y15         FDRE                                         r  ssd/refresh_counter_reg[17]/C
  -------------------------------------------------------------------    -------------------
    SLICE_X46Y15         FDRE (Prop_fdre_C_Q)         0.518     5.599 r  ssd/refresh_counter_reg[17]/Q
                         net (fo=9, routed)           0.849     6.448    cpu/digit_sel[1]
    SLICE_X45Y14         LUT6 (Prop_lut6_I4_O)        0.124     6.572 r  cpu/seg_OBUF[6]_inst_i_2/O
                         net (fo=7, routed)           1.487     8.059    cpu/seg_OBUF[6]_inst_i_2_n_0
    SLICE_X65Y17         LUT4 (Prop_lut4_I3_O)        0.124     8.183 r  cpu/seg_OBUF[5]_inst_i_1/O
                         net (fo=1, routed)           1.661     9.844    seg_OBUF[5]
    V5                   OBUF (Prop_obuf_I_O)         3.504    13.348 r  seg_OBUF[5]_inst/O
                         net (fo=0)                   0.000    13.348    seg[5]
    V5                                                                r  seg[5] (OUT)
  -------------------------------------------------------------------    -------------------

Slack:                    inf
  Source:                 ssd/refresh_counter_reg[17]/C
                            (rising edge-triggered cell FDRE clocked by sys_clk_pin  {rise@0.000ns fall@5.000ns period=10.000ns})
  Destination:            an[3]
                            (output port)
  Path Group:             (none)
  Path Type:              Max at Slow Process Corner
  Data Path Delay:        8.123ns  (logic 4.388ns (54.023%)  route 3.735ns (45.977%))
  Logic Levels:           2  (LUT2=1 OBUF=1)
  Clock Uncertainty:      0.025ns  ((TSJ^2 + TIJ^2)^1/2 + DJ) / 2 + PE
    Total System Jitter     (TSJ):    0.050ns
    Total Input Jitter      (TIJ):    0.000ns
    Discrete Jitter          (DJ):    0.000ns
    Phase Error              (PE):    0.000ns

    Location             Delay type                Incr(ns)  Path(ns)    Netlist Resource(s)
  -------------------------------------------------------------------    -------------------
                         (clock sys_clk_pin rise edge)
                                                      0.000     0.000 r  
    W5                                                0.000     0.000 r  clk (IN)
                         net (fo=0)                   0.000     0.000    clk
    W5                   IBUF (Prop_ibuf_I_O)         1.458     1.458 r  clk_IBUF_inst/O
                         net (fo=1, routed)           1.967     3.425    clk_IBUF
    BUFGCTRL_X0Y1        BUFG (Prop_bufg_I_O)         0.096     3.521 r  clk_IBUF_BUFG_inst/O
                         net (fo=46, routed)          1.560     5.081    ssd/clk
    SLICE_X46Y15         FDRE                                         r  ssd/refresh_counter_reg[17]/C
  -------------------------------------------------------------------    -------------------
    SLICE_X46Y15         FDRE (Prop_fdre_C_Q)         0.518     5.599 f  ssd/refresh_counter_reg[17]/Q
                         net (fo=9, routed)           1.927     7.527    ssd/digit_sel[1]
    SLICE_X65Y26         LUT2 (Prop_lut2_I0_O)        0.152     7.679 r  ssd/an_OBUF[3]_inst_i_1/O
                         net (fo=1, routed)           1.807     9.486    an_OBUF[3]
    W4                   OBUF (Prop_obuf_I_O)         3.718    13.204 r  an_OBUF[3]_inst/O
                         net (fo=0)                   0.000    13.204    an[3]
    W4                                                                r  an[3] (OUT)
  -------------------------------------------------------------------    -------------------

Slack:                    inf
  Source:                 ssd/refresh_counter_reg[17]/C
                            (rising edge-triggered cell FDRE clocked by sys_clk_pin  {rise@0.000ns fall@5.000ns period=10.000ns})
  Destination:            an[1]
                            (output port)
  Path Group:             (none)
  Path Type:              Max at Slow Process Corner
  Data Path Delay:        7.881ns  (logic 4.369ns (55.435%)  route 3.512ns (44.565%))
  Logic Levels:           2  (LUT2=1 OBUF=1)
  Clock Uncertainty:      0.025ns  ((TSJ^2 + TIJ^2)^1/2 + DJ) / 2 + PE
    Total System Jitter     (TSJ):    0.050ns
    Total Input Jitter      (TIJ):    0.000ns
    Discrete Jitter          (DJ):    0.000ns
    Phase Error              (PE):    0.000ns

    Location             Delay type                Incr(ns)  Path(ns)    Netlist Resource(s)
  -------------------------------------------------------------------    -------------------
                         (clock sys_clk_pin rise edge)
                                                      0.000     0.000 r  
    W5                                                0.000     0.000 r  clk (IN)
                         net (fo=0)                   0.000     0.000    clk
    W5                   IBUF (Prop_ibuf_I_O)         1.458     1.458 r  clk_IBUF_inst/O
                         net (fo=1, routed)           1.967     3.425    clk_IBUF
    BUFGCTRL_X0Y1        BUFG (Prop_bufg_I_O)         0.096     3.521 r  clk_IBUF_BUFG_inst/O
                         net (fo=46, routed)          1.560     5.081    ssd/clk
    SLICE_X46Y15         FDRE                                         r  ssd/refresh_counter_reg[17]/C
  -------------------------------------------------------------------    -------------------
    SLICE_X46Y15         FDRE (Prop_fdre_C_Q)         0.518     5.599 r  ssd/refresh_counter_reg[17]/Q
                         net (fo=9, routed)           1.705     7.305    ssd/digit_sel[1]
    SLICE_X65Y26         LUT2 (Prop_lut2_I0_O)        0.150     7.455 r  ssd/an_OBUF[1]_inst_i_1/O
                         net (fo=1, routed)           1.807     9.262    an_OBUF[1]
    U4                   OBUF (Prop_obuf_I_O)         3.701    12.963 r  an_OBUF[1]_inst/O
                         net (fo=0)                   0.000    12.963    an[1]
    U4                                                                r  an[1] (OUT)
  -------------------------------------------------------------------    -------------------

Slack:                    inf
  Source:                 ssd/refresh_counter_reg[17]/C
                            (rising edge-triggered cell FDRE clocked by sys_clk_pin  {rise@0.000ns fall@5.000ns period=10.000ns})
  Destination:            an[2]
                            (output port)
  Path Group:             (none)
  Path Type:              Max at Slow Process Corner
  Data Path Delay:        7.760ns  (logic 4.165ns (53.674%)  route 3.595ns (46.326%))
  Logic Levels:           2  (LUT2=1 OBUF=1)
  Clock Uncertainty:      0.025ns  ((TSJ^2 + TIJ^2)^1/2 + DJ) / 2 + PE
    Total System Jitter     (TSJ):    0.050ns
    Total Input Jitter      (TIJ):    0.000ns
    Discrete Jitter          (DJ):    0.000ns
    Phase Error              (PE):    0.000ns

    Location             Delay type                Incr(ns)  Path(ns)    Netlist Resource(s)
  -------------------------------------------------------------------    -------------------
                         (clock sys_clk_pin rise edge)
                                                      0.000     0.000 r  
    W5                                                0.000     0.000 r  clk (IN)
                         net (fo=0)                   0.000     0.000    clk
    W5                   IBUF (Prop_ibuf_I_O)         1.458     1.458 r  clk_IBUF_inst/O
                         net (fo=1, routed)           1.967     3.425    clk_IBUF
    BUFGCTRL_X0Y1        BUFG (Prop_bufg_I_O)         0.096     3.521 r  clk_IBUF_BUFG_inst/O
                         net (fo=46, routed)          1.560     5.081    ssd/clk
    SLICE_X46Y15         FDRE                                         r  ssd/refresh_counter_reg[17]/C
  -------------------------------------------------------------------    -------------------
    SLICE_X46Y15         FDRE (Prop_fdre_C_Q)         0.518     5.599 f  ssd/refresh_counter_reg[17]/Q
                         net (fo=9, routed)           1.927     7.527    ssd/digit_sel[1]
    SLICE_X65Y26         LUT2 (Prop_lut2_I1_O)        0.124     7.651 r  ssd/an_OBUF[2]_inst_i_1/O
                         net (fo=1, routed)           1.668     9.318    an_OBUF[2]
    V4                   OBUF (Prop_obuf_I_O)         3.523    12.841 r  an_OBUF[2]_inst/O
                         net (fo=0)                   0.000    12.841    an[2]
    V4                                                                r  an[2] (OUT)
  -------------------------------------------------------------------    -------------------





Min Delay Paths
--------------------------------------------------------------------------------------
Slack:                    inf
  Source:                 ssd/refresh_counter_reg[16]/C
                            (rising edge-triggered cell FDRE clocked by sys_clk_pin  {rise@0.000ns fall@5.000ns period=10.000ns})
  Destination:            an[2]
                            (output port)
  Path Group:             (none)
  Path Type:              Min at Fast Process Corner
  Data Path Delay:        2.524ns  (logic 1.433ns (56.772%)  route 1.091ns (43.228%))
  Logic Levels:           2  (LUT2=1 OBUF=1)
  Clock Uncertainty:      0.025ns  ((TSJ^2 + TIJ^2)^1/2 + DJ) / 2 + PE
    Total System Jitter     (TSJ):    0.050ns
    Total Input Jitter      (TIJ):    0.000ns
    Discrete Jitter          (DJ):    0.000ns
    Phase Error              (PE):    0.000ns

    Location             Delay type                Incr(ns)  Path(ns)    Netlist Resource(s)
  -------------------------------------------------------------------    -------------------
                         (clock sys_clk_pin rise edge)
                                                      0.000     0.000 r  
    W5                                                0.000     0.000 r  clk (IN)
                         net (fo=0)                   0.000     0.000    clk
    W5                   IBUF (Prop_ibuf_I_O)         0.226     0.226 r  clk_IBUF_inst/O
                         net (fo=1, routed)           0.631     0.858    clk_IBUF
    BUFGCTRL_X0Y1        BUFG (Prop_bufg_I_O)         0.026     0.884 r  clk_IBUF_BUFG_inst/O
                         net (fo=46, routed)          0.560     1.443    ssd/clk
    SLICE_X46Y15         FDRE                                         r  ssd/refresh_counter_reg[16]/C
  -------------------------------------------------------------------    -------------------
    SLICE_X46Y15         FDRE (Prop_fdre_C_Q)         0.164     1.607 r  ssd/refresh_counter_reg[16]/Q
                         net (fo=9, routed)           0.755     2.362    ssd/digit_sel[0]
    SLICE_X65Y26         LUT2 (Prop_lut2_I0_O)        0.045     2.407 r  ssd/an_OBUF[2]_inst_i_1/O
                         net (fo=1, routed)           0.337     2.743    an_OBUF[2]
    V4                   OBUF (Prop_obuf_I_O)         1.224     3.967 r  an_OBUF[2]_inst/O
                         net (fo=0)                   0.000     3.967    an[2]
    V4                                                                r  an[2] (OUT)
  -------------------------------------------------------------------    -------------------

Slack:                    inf
  Source:                 ssd/refresh_counter_reg[17]/C
                            (rising edge-triggered cell FDRE clocked by sys_clk_pin  {rise@0.000ns fall@5.000ns period=10.000ns})
  Destination:            seg[5]
                            (output port)
  Path Group:             (none)
  Path Type:              Min at Fast Process Corner
  Data Path Delay:        2.568ns  (logic 1.460ns (56.833%)  route 1.109ns (43.167%))
  Logic Levels:           3  (LUT4=1 LUT6=1 OBUF=1)
  Clock Uncertainty:      0.025ns  ((TSJ^2 + TIJ^2)^1/2 + DJ) / 2 + PE
    Total System Jitter     (TSJ):    0.050ns
    Total Input Jitter      (TIJ):    0.000ns
    Discrete Jitter          (DJ):    0.000ns
    Phase Error              (PE):    0.000ns

    Location             Delay type                Incr(ns)  Path(ns)    Netlist Resource(s)
  -------------------------------------------------------------------    -------------------
                         (clock sys_clk_pin rise edge)
                                                      0.000     0.000 r  
    W5                                                0.000     0.000 r  clk (IN)
                         net (fo=0)                   0.000     0.000    clk
    W5                   IBUF (Prop_ibuf_I_O)         0.226     0.226 r  clk_IBUF_inst/O
                         net (fo=1, routed)           0.631     0.858    clk_IBUF
    BUFGCTRL_X0Y1        BUFG (Prop_bufg_I_O)         0.026     0.884 r  clk_IBUF_BUFG_inst/O
                         net (fo=46, routed)          0.560     1.443    ssd/clk
    SLICE_X46Y15         FDRE                                         r  ssd/refresh_counter_reg[17]/C
  -------------------------------------------------------------------    -------------------
    SLICE_X46Y15         FDRE (Prop_fdre_C_Q)         0.164     1.607 r  ssd/refresh_counter_reg[17]/Q
                         net (fo=9, routed)           0.146     1.753    cpu/digit_sel[1]
    SLICE_X45Y14         LUT6 (Prop_lut6_I4_O)        0.045     1.798 r  cpu/seg_OBUF[6]_inst_i_3/O
                         net (fo=7, routed)           0.631     2.429    cpu/seg_OBUF[6]_inst_i_3_n_0
    SLICE_X65Y17         LUT4 (Prop_lut4_I2_O)        0.045     2.474 r  cpu/seg_OBUF[5]_inst_i_1/O
                         net (fo=1, routed)           0.332     2.806    seg_OBUF[5]
    V5                   OBUF (Prop_obuf_I_O)         1.206     4.011 r  seg_OBUF[5]_inst/O
                         net (fo=0)                   0.000     4.011    seg[5]
    V5                                                                r  seg[5] (OUT)
  -------------------------------------------------------------------    -------------------

Slack:                    inf
  Source:                 ssd/refresh_counter_reg[16]/C
                            (rising edge-triggered cell FDRE clocked by sys_clk_pin  {rise@0.000ns fall@5.000ns period=10.000ns})
  Destination:            an[0]
                            (output port)
  Path Group:             (none)
  Path Type:              Min at Fast Process Corner
  Data Path Delay:        2.583ns  (logic 1.413ns (54.698%)  route 1.170ns (45.302%))
  Logic Levels:           2  (LUT2=1 OBUF=1)
  Clock Uncertainty:      0.025ns  ((TSJ^2 + TIJ^2)^1/2 + DJ) / 2 + PE
    Total System Jitter     (TSJ):    0.050ns
    Total Input Jitter      (TIJ):    0.000ns
    Discrete Jitter          (DJ):    0.000ns
    Phase Error              (PE):    0.000ns

    Location             Delay type                Incr(ns)  Path(ns)    Netlist Resource(s)
  -------------------------------------------------------------------    -------------------
                         (clock sys_clk_pin rise edge)
                                                      0.000     0.000 r  
    W5                                                0.000     0.000 r  clk (IN)
                         net (fo=0)                   0.000     0.000    clk
    W5                   IBUF (Prop_ibuf_I_O)         0.226     0.226 r  clk_IBUF_inst/O
                         net (fo=1, routed)           0.631     0.858    clk_IBUF
    BUFGCTRL_X0Y1        BUFG (Prop_bufg_I_O)         0.026     0.884 r  clk_IBUF_BUFG_inst/O
                         net (fo=46, routed)          0.560     1.443    ssd/clk
    SLICE_X46Y15         FDRE                                         r  ssd/refresh_counter_reg[16]/C
  -------------------------------------------------------------------    -------------------
    SLICE_X46Y15         FDRE (Prop_fdre_C_Q)         0.164     1.607 r  ssd/refresh_counter_reg[16]/Q
                         net (fo=9, routed)           0.754     2.361    ssd/digit_sel[0]
    SLICE_X65Y26         LUT2 (Prop_lut2_I1_O)        0.045     2.406 r  ssd/an_OBUF[0]_inst_i_1/O
                         net (fo=1, routed)           0.417     2.822    an_OBUF[0]
    U2                   OBUF (Prop_obuf_I_O)         1.204     4.027 r  an_OBUF[0]_inst/O
                         net (fo=0)                   0.000     4.027    an[0]
    U2                                                                r  an[0] (OUT)
  -------------------------------------------------------------------    -------------------

Slack:                    inf
  Source:                 ssd/refresh_counter_reg[16]/C
                            (rising edge-triggered cell FDRE clocked by sys_clk_pin  {rise@0.000ns fall@5.000ns period=10.000ns})
  Destination:            an[1]
                            (output port)
  Path Group:             (none)
  Path Type:              Min at Fast Process Corner
  Data Path Delay:        2.623ns  (logic 1.474ns (56.208%)  route 1.149ns (43.792%))
  Logic Levels:           2  (LUT2=1 OBUF=1)
  Clock Uncertainty:      0.025ns  ((TSJ^2 + TIJ^2)^1/2 + DJ) / 2 + PE
    Total System Jitter     (TSJ):    0.050ns
    Total Input Jitter      (TIJ):    0.000ns
    Discrete Jitter          (DJ):    0.000ns
    Phase Error              (PE):    0.000ns

    Location             Delay type                Incr(ns)  Path(ns)    Netlist Resource(s)
  -------------------------------------------------------------------    -------------------
                         (clock sys_clk_pin rise edge)
                                                      0.000     0.000 r  
    W5                                                0.000     0.000 r  clk (IN)
                         net (fo=0)                   0.000     0.000    clk
    W5                   IBUF (Prop_ibuf_I_O)         0.226     0.226 r  clk_IBUF_inst/O
                         net (fo=1, routed)           0.631     0.858    clk_IBUF
    BUFGCTRL_X0Y1        BUFG (Prop_bufg_I_O)         0.026     0.884 r  clk_IBUF_BUFG_inst/O
                         net (fo=46, routed)          0.560     1.443    ssd/clk
    SLICE_X46Y15         FDRE                                         r  ssd/refresh_counter_reg[16]/C
  -------------------------------------------------------------------    -------------------
    SLICE_X46Y15         FDRE (Prop_fdre_C_Q)         0.164     1.607 f  ssd/refresh_counter_reg[16]/Q
                         net (fo=9, routed)           0.754     2.361    ssd/digit_sel[0]
    SLICE_X65Y26         LUT2 (Prop_lut2_I1_O)        0.048     2.409 r  ssd/an_OBUF[1]_inst_i_1/O
                         net (fo=1, routed)           0.395     2.804    an_OBUF[1]
    U4                   OBUF (Prop_obuf_I_O)         1.262     4.066 r  an_OBUF[1]_inst/O
                         net (fo=0)                   0.000     4.066    an[1]
    U4                                                                r  an[1] (OUT)
  -------------------------------------------------------------------    -------------------

Slack:                    inf
  Source:                 ssd/refresh_counter_reg[16]/C
                            (rising edge-triggered cell FDRE clocked by sys_clk_pin  {rise@0.000ns fall@5.000ns period=10.000ns})
  Destination:            an[3]
                            (output port)
  Path Group:             (none)
  Path Type:              Min at Fast Process Corner
  Data Path Delay:        2.640ns  (logic 1.491ns (56.484%)  route 1.149ns (43.516%))
  Logic Levels:           2  (LUT2=1 OBUF=1)
  Clock Uncertainty:      0.025ns  ((TSJ^2 + TIJ^2)^1/2 + DJ) / 2 + PE
    Total System Jitter     (TSJ):    0.050ns
    Total Input Jitter      (TIJ):    0.000ns
    Discrete Jitter          (DJ):    0.000ns
    Phase Error              (PE):    0.000ns

    Location             Delay type                Incr(ns)  Path(ns)    Netlist Resource(s)
  -------------------------------------------------------------------    -------------------
                         (clock sys_clk_pin rise edge)
                                                      0.000     0.000 r  
    W5                                                0.000     0.000 r  clk (IN)
                         net (fo=0)                   0.000     0.000    clk
    W5                   IBUF (Prop_ibuf_I_O)         0.226     0.226 r  clk_IBUF_inst/O
                         net (fo=1, routed)           0.631     0.858    clk_IBUF
    BUFGCTRL_X0Y1        BUFG (Prop_bufg_I_O)         0.026     0.884 r  clk_IBUF_BUFG_inst/O
                         net (fo=46, routed)          0.560     1.443    ssd/clk
    SLICE_X46Y15         FDRE                                         r  ssd/refresh_counter_reg[16]/C
  -------------------------------------------------------------------    -------------------
    SLICE_X46Y15         FDRE (Prop_fdre_C_Q)         0.164     1.607 f  ssd/refresh_counter_reg[16]/Q
                         net (fo=9, routed)           0.755     2.362    ssd/digit_sel[0]
    SLICE_X65Y26         LUT2 (Prop_lut2_I1_O)        0.049     2.411 r  ssd/an_OBUF[3]_inst_i_1/O
                         net (fo=1, routed)           0.394     2.805    an_OBUF[3]
    W4                   OBUF (Prop_obuf_I_O)         1.278     4.083 r  an_OBUF[3]_inst/O
                         net (fo=0)                   0.000     4.083    an[3]
    W4                                                                r  an[3] (OUT)
  -------------------------------------------------------------------    -------------------

Slack:                    inf
  Source:                 ssd/refresh_counter_reg[17]/C
                            (rising edge-triggered cell FDRE clocked by sys_clk_pin  {rise@0.000ns fall@5.000ns period=10.000ns})
  Destination:            seg[2]
                            (output port)
  Path Group:             (none)
  Path Type:              Min at Fast Process Corner
  Data Path Delay:        2.657ns  (logic 1.490ns (56.086%)  route 1.167ns (43.914%))
  Logic Levels:           3  (LUT4=1 LUT6=1 OBUF=1)
  Clock Uncertainty:      0.025ns  ((TSJ^2 + TIJ^2)^1/2 + DJ) / 2 + PE
    Total System Jitter     (TSJ):    0.050ns
    Total Input Jitter      (TIJ):    0.000ns
    Discrete Jitter          (DJ):    0.000ns
    Phase Error              (PE):    0.000ns

    Location             Delay type                Incr(ns)  Path(ns)    Netlist Resource(s)
  -------------------------------------------------------------------    -------------------
                         (clock sys_clk_pin rise edge)
                                                      0.000     0.000 r  
    W5                                                0.000     0.000 r  clk (IN)
                         net (fo=0)                   0.000     0.000    clk
    W5                   IBUF (Prop_ibuf_I_O)         0.226     0.226 r  clk_IBUF_inst/O
                         net (fo=1, routed)           0.631     0.858    clk_IBUF
    BUFGCTRL_X0Y1        BUFG (Prop_bufg_I_O)         0.026     0.884 r  clk_IBUF_BUFG_inst/O
                         net (fo=46, routed)          0.560     1.443    ssd/clk
    SLICE_X46Y15         FDRE                                         r  ssd/refresh_counter_reg[17]/C
  -------------------------------------------------------------------    -------------------
    SLICE_X46Y15         FDRE (Prop_fdre_C_Q)         0.164     1.607 r  ssd/refresh_counter_reg[17]/Q
                         net (fo=9, routed)           0.154     1.761    cpu/digit_sel[1]
    SLICE_X44Y14         LUT6 (Prop_lut6_I3_O)        0.045     1.806 r  cpu/seg_OBUF[6]_inst_i_5/O
                         net (fo=7, routed)           0.605     2.411    cpu/seg_OBUF[6]_inst_i_5_n_0
    SLICE_X65Y17         LUT4 (Prop_lut4_I2_O)        0.045     2.456 r  cpu/seg_OBUF[2]_inst_i_1/O
                         net (fo=1, routed)           0.408     2.864    seg_OBUF[2]
    U8                   OBUF (Prop_obuf_I_O)         1.236     4.100 r  seg_OBUF[2]_inst/O
                         net (fo=0)                   0.000     4.100    seg[2]
    U8                                                                r  seg[2] (OUT)
  -------------------------------------------------------------------    -------------------

Slack:                    inf
  Source:                 ssd/refresh_counter_reg[17]/C
                            (rising edge-triggered cell FDRE clocked by sys_clk_pin  {rise@0.000ns fall@5.000ns period=10.000ns})
  Destination:            seg[6]
                            (output port)
  Path Group:             (none)
  Path Type:              Min at Fast Process Corner
  Data Path Delay:        2.746ns  (logic 1.557ns (56.704%)  route 1.189ns (43.296%))
  Logic Levels:           3  (LUT4=1 LUT6=1 OBUF=1)
  Clock Uncertainty:      0.025ns  ((TSJ^2 + TIJ^2)^1/2 + DJ) / 2 + PE
    Total System Jitter     (TSJ):    0.050ns
    Total Input Jitter      (TIJ):    0.000ns
    Discrete Jitter          (DJ):    0.000ns
    Phase Error              (PE):    0.000ns

    Location             Delay type                Incr(ns)  Path(ns)    Netlist Resource(s)
  -------------------------------------------------------------------    -------------------
                         (clock sys_clk_pin rise edge)
                                                      0.000     0.000 r  
    W5                                                0.000     0.000 r  clk (IN)
                         net (fo=0)                   0.000     0.000    clk
    W5                   IBUF (Prop_ibuf_I_O)         0.226     0.226 r  clk_IBUF_inst/O
                         net (fo=1, routed)           0.631     0.858    clk_IBUF
    BUFGCTRL_X0Y1        BUFG (Prop_bufg_I_O)         0.026     0.884 r  clk_IBUF_BUFG_inst/O
                         net (fo=46, routed)          0.560     1.443    ssd/clk
    SLICE_X46Y15         FDRE                                         r  ssd/refresh_counter_reg[17]/C
  -------------------------------------------------------------------    -------------------
    SLICE_X46Y15         FDRE (Prop_fdre_C_Q)         0.164     1.607 r  ssd/refresh_counter_reg[17]/Q
                         net (fo=9, routed)           0.146     1.753    cpu/digit_sel[1]
    SLICE_X45Y14         LUT6 (Prop_lut6_I4_O)        0.045     1.798 r  cpu/seg_OBUF[6]_inst_i_3/O
                         net (fo=7, routed)           0.631     2.429    cpu/seg_OBUF[6]_inst_i_3_n_0
    SLICE_X65Y17         LUT4 (Prop_lut4_I1_O)        0.051     2.480 r  cpu/seg_OBUF[6]_inst_i_1/O
                         net (fo=1, routed)           0.412     2.892    seg_OBUF[6]
    U7                   OBUF (Prop_obuf_I_O)         1.297     4.190 r  seg_OBUF[6]_inst/O
                         net (fo=0)                   0.000     4.190    seg[6]
    U7                                                                r  seg[6] (OUT)
  -------------------------------------------------------------------    -------------------

Slack:                    inf
  Source:                 ssd/refresh_counter_reg[17]/C
                            (rising edge-triggered cell FDRE clocked by sys_clk_pin  {rise@0.000ns fall@5.000ns period=10.000ns})
  Destination:            seg[4]
                            (output port)
  Path Group:             (none)
  Path Type:              Min at Fast Process Corner
  Data Path Delay:        2.760ns  (logic 1.542ns (55.862%)  route 1.218ns (44.138%))
  Logic Levels:           3  (LUT4=1 LUT6=1 OBUF=1)
  Clock Uncertainty:      0.025ns  ((TSJ^2 + TIJ^2)^1/2 + DJ) / 2 + PE
    Total System Jitter     (TSJ):    0.050ns
    Total Input Jitter      (TIJ):    0.000ns
    Discrete Jitter          (DJ):    0.000ns
    Phase Error              (PE):    0.000ns

    Location             Delay type                Incr(ns)  Path(ns)    Netlist Resource(s)
  -------------------------------------------------------------------    -------------------
                         (clock sys_clk_pin rise edge)
                                                      0.000     0.000 r  
    W5                                                0.000     0.000 r  clk (IN)
                         net (fo=0)                   0.000     0.000    clk
    W5                   IBUF (Prop_ibuf_I_O)         0.226     0.226 r  clk_IBUF_inst/O
                         net (fo=1, routed)           0.631     0.858    clk_IBUF
    BUFGCTRL_X0Y1        BUFG (Prop_bufg_I_O)         0.026     0.884 r  clk_IBUF_BUFG_inst/O
                         net (fo=46, routed)          0.560     1.443    ssd/clk
    SLICE_X46Y15         FDRE                                         r  ssd/refresh_counter_reg[17]/C
  -------------------------------------------------------------------    -------------------
    SLICE_X46Y15         FDRE (Prop_fdre_C_Q)         0.164     1.607 r  ssd/refresh_counter_reg[17]/Q
                         net (fo=9, routed)           0.154     1.761    cpu/digit_sel[1]
    SLICE_X44Y14         LUT6 (Prop_lut6_I3_O)        0.045     1.806 f  cpu/seg_OBUF[6]_inst_i_5/O
                         net (fo=7, routed)           0.730     2.536    cpu/seg_OBUF[6]_inst_i_5_n_0
    SLICE_X65Y17         LUT4 (Prop_lut4_I0_O)        0.045     2.581 r  cpu/seg_OBUF[4]_inst_i_1/O
                         net (fo=1, routed)           0.335     2.915    seg_OBUF[4]
    U5                   OBUF (Prop_obuf_I_O)         1.288     4.203 r  seg_OBUF[4]_inst/O
                         net (fo=0)                   0.000     4.203    seg[4]
    U5                                                                r  seg[4] (OUT)
  -------------------------------------------------------------------    -------------------

Slack:                    inf
  Source:                 ssd/refresh_counter_reg[17]/C
                            (rising edge-triggered cell FDRE clocked by sys_clk_pin  {rise@0.000ns fall@5.000ns period=10.000ns})
  Destination:            seg[3]
                            (output port)
  Path Group:             (none)
  Path Type:              Min at Fast Process Corner
  Data Path Delay:        2.778ns  (logic 1.490ns (53.643%)  route 1.288ns (46.357%))
  Logic Levels:           3  (LUT4=1 LUT6=1 OBUF=1)
  Clock Uncertainty:      0.025ns  ((TSJ^2 + TIJ^2)^1/2 + DJ) / 2 + PE
    Total System Jitter     (TSJ):    0.050ns
    Total Input Jitter      (TIJ):    0.000ns
    Discrete Jitter          (DJ):    0.000ns
    Phase Error              (PE):    0.000ns

    Location             Delay type                Incr(ns)  Path(ns)    Netlist Resource(s)
  -------------------------------------------------------------------    -------------------
                         (clock sys_clk_pin rise edge)
                                                      0.000     0.000 r  
    W5                                                0.000     0.000 r  clk (IN)
                         net (fo=0)                   0.000     0.000    clk
    W5                   IBUF (Prop_ibuf_I_O)         0.226     0.226 r  clk_IBUF_inst/O
                         net (fo=1, routed)           0.631     0.858    clk_IBUF
    BUFGCTRL_X0Y1        BUFG (Prop_bufg_I_O)         0.026     0.884 r  clk_IBUF_BUFG_inst/O
                         net (fo=46, routed)          0.560     1.443    ssd/clk
    SLICE_X46Y15         FDRE                                         r  ssd/refresh_counter_reg[17]/C
  -------------------------------------------------------------------    -------------------
    SLICE_X46Y15         FDRE (Prop_fdre_C_Q)         0.164     1.607 r  ssd/refresh_counter_reg[17]/Q
                         net (fo=9, routed)           0.154     1.761    cpu/digit_sel[1]
    SLICE_X44Y14         LUT6 (Prop_lut6_I3_O)        0.045     1.806 r  cpu/seg_OBUF[6]_inst_i_5/O
                         net (fo=7, routed)           0.730     2.536    cpu/seg_OBUF[6]_inst_i_5_n_0
    SLICE_X65Y17         LUT4 (Prop_lut4_I0_O)        0.045     2.581 r  cpu/seg_OBUF[3]_inst_i_1/O
                         net (fo=1, routed)           0.404     2.985    seg_OBUF[3]
    V8                   OBUF (Prop_obuf_I_O)         1.236     4.222 r  seg_OBUF[3]_inst/O
                         net (fo=0)                   0.000     4.222    seg[3]
    V8                                                                r  seg[3] (OUT)
  -------------------------------------------------------------------    -------------------

Slack:                    inf
  Source:                 ssd/refresh_counter_reg[17]/C
                            (rising edge-triggered cell FDRE clocked by sys_clk_pin  {rise@0.000ns fall@5.000ns period=10.000ns})
  Destination:            seg[1]
                            (output port)
  Path Group:             (none)
  Path Type:              Min at Fast Process Corner
  Data Path Delay:        2.782ns  (logic 1.484ns (53.349%)  route 1.298ns (46.651%))
  Logic Levels:           3  (LUT4=1 LUT6=1 OBUF=1)
  Clock Uncertainty:      0.025ns  ((TSJ^2 + TIJ^2)^1/2 + DJ) / 2 + PE
    Total System Jitter     (TSJ):    0.050ns
    Total Input Jitter      (TIJ):    0.000ns
    Discrete Jitter          (DJ):    0.000ns
    Phase Error              (PE):    0.000ns

    Location             Delay type                Incr(ns)  Path(ns)    Netlist Resource(s)
  -------------------------------------------------------------------    -------------------
                         (clock sys_clk_pin rise edge)
                                                      0.000     0.000 r  
    W5                                                0.000     0.000 r  clk (IN)
                         net (fo=0)                   0.000     0.000    clk
    W5                   IBUF (Prop_ibuf_I_O)         0.226     0.226 r  clk_IBUF_inst/O
                         net (fo=1, routed)           0.631     0.858    clk_IBUF
    BUFGCTRL_X0Y1        BUFG (Prop_bufg_I_O)         0.026     0.884 r  clk_IBUF_BUFG_inst/O
                         net (fo=46, routed)          0.560     1.443    ssd/clk
    SLICE_X46Y15         FDRE                                         r  ssd/refresh_counter_reg[17]/C
  -------------------------------------------------------------------    -------------------
    SLICE_X46Y15         FDRE (Prop_fdre_C_Q)         0.164     1.607 r  ssd/refresh_counter_reg[17]/Q
                         net (fo=9, routed)           0.154     1.761    cpu/digit_sel[1]
    SLICE_X44Y14         LUT6 (Prop_lut6_I3_O)        0.045     1.806 r  cpu/seg_OBUF[6]_inst_i_5/O
                         net (fo=7, routed)           0.730     2.536    cpu/seg_OBUF[6]_inst_i_5_n_0
    SLICE_X65Y17         LUT4 (Prop_lut4_I0_O)        0.045     2.581 r  cpu/seg_OBUF[1]_inst_i_1/O
                         net (fo=1, routed)           0.414     2.995    seg_OBUF[1]
    W6                   OBUF (Prop_obuf_I_O)         1.230     4.225 r  seg_OBUF[1]_inst/O
                         net (fo=0)                   0.000     4.225    seg[1]
    W6                                                                r  seg[1] (OUT)
  -------------------------------------------------------------------    -------------------





--------------------------------------------------------------------------------------
Path Group:  (none)
From Clock:  
  To Clock:  sys_clk_pin

Max Delay            46 Endpoints
Min Delay            46 Endpoints
--------------------------------------------------------------------------------------


Max Delay Paths
--------------------------------------------------------------------------------------
Slack:                    inf
  Source:                 reset
                            (input port)
  Destination:            ssd/refresh_counter_reg[12]/R
                            (rising edge-triggered cell FDRE clocked by sys_clk_pin  {rise@0.000ns fall@5.000ns period=10.000ns})
  Path Group:             (none)
  Path Type:              Setup (Max at Slow Process Corner)
  Data Path Delay:        6.919ns  (logic 1.454ns (21.010%)  route 5.466ns (78.990%))
  Logic Levels:           1  (IBUF=1)
  Clock Path Skew:        4.784ns (DCD - SCD + CPR)
    Destination Clock Delay (DCD):    4.784ns
    Source Clock Delay      (SCD):    0.000ns
    Clock Pessimism Removal (CPR):    0.000ns
  Clock Uncertainty:      0.025ns  ((TSJ^2 + TIJ^2)^1/2 + DJ) / 2 + PE
    Total System Jitter     (TSJ):    0.050ns
    Total Input Jitter      (TIJ):    0.000ns
    Discrete Jitter          (DJ):    0.000ns
    Phase Error              (PE):    0.000ns

    Location             Delay type                Incr(ns)  Path(ns)    Netlist Resource(s)
  -------------------------------------------------------------------    -------------------
    T18                                               0.000     0.000 r  reset (IN)
                         net (fo=0)                   0.000     0.000    reset
    T18                  IBUF (Prop_ibuf_I_O)         1.454     1.454 r  reset_IBUF_inst/O
                         net (fo=127, routed)         5.466     6.919    ssd/reset_IBUF
    SLICE_X46Y14         FDRE                                         r  ssd/refresh_counter_reg[12]/R
  -------------------------------------------------------------------    -------------------

                         (clock sys_clk_pin rise edge)
                                                      0.000     0.000 r  
    W5                                                0.000     0.000 r  clk (IN)
                         net (fo=0)                   0.000     0.000    clk
    W5                   IBUF (Prop_ibuf_I_O)         1.388     1.388 r  clk_IBUF_inst/O
                         net (fo=1, routed)           1.862     3.250    clk_IBUF
    BUFGCTRL_X0Y1        BUFG (Prop_bufg_I_O)         0.091     3.341 r  clk_IBUF_BUFG_inst/O
                         net (fo=46, routed)          1.443     4.784    ssd/clk
    SLICE_X46Y14         FDRE                                         r  ssd/refresh_counter_reg[12]/C

Slack:                    inf
  Source:                 reset
                            (input port)
  Destination:            ssd/refresh_counter_reg[13]/R
                            (rising edge-triggered cell FDRE clocked by sys_clk_pin  {rise@0.000ns fall@5.000ns period=10.000ns})
  Path Group:             (none)
  Path Type:              Setup (Max at Slow Process Corner)
  Data Path Delay:        6.919ns  (logic 1.454ns (21.010%)  route 5.466ns (78.990%))
  Logic Levels:           1  (IBUF=1)
  Clock Path Skew:        4.784ns (DCD - SCD + CPR)
    Destination Clock Delay (DCD):    4.784ns
    Source Clock Delay      (SCD):    0.000ns
    Clock Pessimism Removal (CPR):    0.000ns
  Clock Uncertainty:      0.025ns  ((TSJ^2 + TIJ^2)^1/2 + DJ) / 2 + PE
    Total System Jitter     (TSJ):    0.050ns
    Total Input Jitter      (TIJ):    0.000ns
    Discrete Jitter          (DJ):    0.000ns
    Phase Error              (PE):    0.000ns

    Location             Delay type                Incr(ns)  Path(ns)    Netlist Resource(s)
  -------------------------------------------------------------------    -------------------
    T18                                               0.000     0.000 r  reset (IN)
                         net (fo=0)                   0.000     0.000    reset
    T18                  IBUF (Prop_ibuf_I_O)         1.454     1.454 r  reset_IBUF_inst/O
                         net (fo=127, routed)         5.466     6.919    ssd/reset_IBUF
    SLICE_X46Y14         FDRE                                         r  ssd/refresh_counter_reg[13]/R
  -------------------------------------------------------------------    -------------------

                         (clock sys_clk_pin rise edge)
                                                      0.000     0.000 r  
    W5                                                0.000     0.000 r  clk (IN)
                         net (fo=0)                   0.000     0.000    clk
    W5                   IBUF (Prop_ibuf_I_O)         1.388     1.388 r  clk_IBUF_inst/O
                         net (fo=1, routed)           1.862     3.250    clk_IBUF
    BUFGCTRL_X0Y1        BUFG (Prop_bufg_I_O)         0.091     3.341 r  clk_IBUF_BUFG_inst/O
                         net (fo=46, routed)          1.443     4.784    ssd/clk
    SLICE_X46Y14         FDRE                                         r  ssd/refresh_counter_reg[13]/C

Slack:                    inf
  Source:                 reset
                            (input port)
  Destination:            ssd/refresh_counter_reg[14]/R
                            (rising edge-triggered cell FDRE clocked by sys_clk_pin  {rise@0.000ns fall@5.000ns period=10.000ns})
  Path Group:             (none)
  Path Type:              Setup (Max at Slow Process Corner)
  Data Path Delay:        6.919ns  (logic 1.454ns (21.010%)  route 5.466ns (78.990%))
  Logic Levels:           1  (IBUF=1)
  Clock Path Skew:        4.784ns (DCD - SCD + CPR)
    Destination Clock Delay (DCD):    4.784ns
    Source Clock Delay      (SCD):    0.000ns
    Clock Pessimism Removal (CPR):    0.000ns
  Clock Uncertainty:      0.025ns  ((TSJ^2 + TIJ^2)^1/2 + DJ) / 2 + PE
    Total System Jitter     (TSJ):    0.050ns
    Total Input Jitter      (TIJ):    0.000ns
    Discrete Jitter          (DJ):    0.000ns
    Phase Error              (PE):    0.000ns

    Location             Delay type                Incr(ns)  Path(ns)    Netlist Resource(s)
  -------------------------------------------------------------------    -------------------
    T18                                               0.000     0.000 r  reset (IN)
                         net (fo=0)                   0.000     0.000    reset
    T18                  IBUF (Prop_ibuf_I_O)         1.454     1.454 r  reset_IBUF_inst/O
                         net (fo=127, routed)         5.466     6.919    ssd/reset_IBUF
    SLICE_X46Y14         FDRE                                         r  ssd/refresh_counter_reg[14]/R
  -------------------------------------------------------------------    -------------------

                         (clock sys_clk_pin rise edge)
                                                      0.000     0.000 r  
    W5                                                0.000     0.000 r  clk (IN)
                         net (fo=0)                   0.000     0.000    clk
    W5                   IBUF (Prop_ibuf_I_O)         1.388     1.388 r  clk_IBUF_inst/O
                         net (fo=1, routed)           1.862     3.250    clk_IBUF
    BUFGCTRL_X0Y1        BUFG (Prop_bufg_I_O)         0.091     3.341 r  clk_IBUF_BUFG_inst/O
                         net (fo=46, routed)          1.443     4.784    ssd/clk
    SLICE_X46Y14         FDRE                                         r  ssd/refresh_counter_reg[14]/C

Slack:                    inf
  Source:                 reset
                            (input port)
  Destination:            ssd/refresh_counter_reg[15]/R
                            (rising edge-triggered cell FDRE clocked by sys_clk_pin  {rise@0.000ns fall@5.000ns period=10.000ns})
  Path Group:             (none)
  Path Type:              Setup (Max at Slow Process Corner)
  Data Path Delay:        6.919ns  (logic 1.454ns (21.010%)  route 5.466ns (78.990%))
  Logic Levels:           1  (IBUF=1)
  Clock Path Skew:        4.784ns (DCD - SCD + CPR)
    Destination Clock Delay (DCD):    4.784ns
    Source Clock Delay      (SCD):    0.000ns
    Clock Pessimism Removal (CPR):    0.000ns
  Clock Uncertainty:      0.025ns  ((TSJ^2 + TIJ^2)^1/2 + DJ) / 2 + PE
    Total System Jitter     (TSJ):    0.050ns
    Total Input Jitter      (TIJ):    0.000ns
    Discrete Jitter          (DJ):    0.000ns
    Phase Error              (PE):    0.000ns

    Location             Delay type                Incr(ns)  Path(ns)    Netlist Resource(s)
  -------------------------------------------------------------------    -------------------
    T18                                               0.000     0.000 r  reset (IN)
                         net (fo=0)                   0.000     0.000    reset
    T18                  IBUF (Prop_ibuf_I_O)         1.454     1.454 r  reset_IBUF_inst/O
                         net (fo=127, routed)         5.466     6.919    ssd/reset_IBUF
    SLICE_X46Y14         FDRE                                         r  ssd/refresh_counter_reg[15]/R
  -------------------------------------------------------------------    -------------------

                         (clock sys_clk_pin rise edge)
                                                      0.000     0.000 r  
    W5                                                0.000     0.000 r  clk (IN)
                         net (fo=0)                   0.000     0.000    clk
    W5                   IBUF (Prop_ibuf_I_O)         1.388     1.388 r  clk_IBUF_inst/O
                         net (fo=1, routed)           1.862     3.250    clk_IBUF
    BUFGCTRL_X0Y1        BUFG (Prop_bufg_I_O)         0.091     3.341 r  clk_IBUF_BUFG_inst/O
                         net (fo=46, routed)          1.443     4.784    ssd/clk
    SLICE_X46Y14         FDRE                                         r  ssd/refresh_counter_reg[15]/C

Slack:                    inf
  Source:                 reset
                            (input port)
  Destination:            ssd/refresh_counter_reg[10]/R
                            (rising edge-triggered cell FDRE clocked by sys_clk_pin  {rise@0.000ns fall@5.000ns period=10.000ns})
  Path Group:             (none)
  Path Type:              Setup (Max at Slow Process Corner)
  Data Path Delay:        6.781ns  (logic 1.454ns (21.439%)  route 5.327ns (78.561%))
  Logic Levels:           1  (IBUF=1)
  Clock Path Skew:        4.784ns (DCD - SCD + CPR)
    Destination Clock Delay (DCD):    4.784ns
    Source Clock Delay      (SCD):    0.000ns
    Clock Pessimism Removal (CPR):    0.000ns
  Clock Uncertainty:      0.025ns  ((TSJ^2 + TIJ^2)^1/2 + DJ) / 2 + PE
    Total System Jitter     (TSJ):    0.050ns
    Total Input Jitter      (TIJ):    0.000ns
    Discrete Jitter          (DJ):    0.000ns
    Phase Error              (PE):    0.000ns

    Location             Delay type                Incr(ns)  Path(ns)    Netlist Resource(s)
  -------------------------------------------------------------------    -------------------
    T18                                               0.000     0.000 r  reset (IN)
                         net (fo=0)                   0.000     0.000    reset
    T18                  IBUF (Prop_ibuf_I_O)         1.454     1.454 r  reset_IBUF_inst/O
                         net (fo=127, routed)         5.327     6.781    ssd/reset_IBUF
    SLICE_X46Y13         FDRE                                         r  ssd/refresh_counter_reg[10]/R
  -------------------------------------------------------------------    -------------------

                         (clock sys_clk_pin rise edge)
                                                      0.000     0.000 r  
    W5                                                0.000     0.000 r  clk (IN)
                         net (fo=0)                   0.000     0.000    clk
    W5                   IBUF (Prop_ibuf_I_O)         1.388     1.388 r  clk_IBUF_inst/O
                         net (fo=1, routed)           1.862     3.250    clk_IBUF
    BUFGCTRL_X0Y1        BUFG (Prop_bufg_I_O)         0.091     3.341 r  clk_IBUF_BUFG_inst/O
                         net (fo=46, routed)          1.443     4.784    ssd/clk
    SLICE_X46Y13         FDRE                                         r  ssd/refresh_counter_reg[10]/C

Slack:                    inf
  Source:                 reset
                            (input port)
  Destination:            ssd/refresh_counter_reg[11]/R
                            (rising edge-triggered cell FDRE clocked by sys_clk_pin  {rise@0.000ns fall@5.000ns period=10.000ns})
  Path Group:             (none)
  Path Type:              Setup (Max at Slow Process Corner)
  Data Path Delay:        6.781ns  (logic 1.454ns (21.439%)  route 5.327ns (78.561%))
  Logic Levels:           1  (IBUF=1)
  Clock Path Skew:        4.784ns (DCD - SCD + CPR)
    Destination Clock Delay (DCD):    4.784ns
    Source Clock Delay      (SCD):    0.000ns
    Clock Pessimism Removal (CPR):    0.000ns
  Clock Uncertainty:      0.025ns  ((TSJ^2 + TIJ^2)^1/2 + DJ) / 2 + PE
    Total System Jitter     (TSJ):    0.050ns
    Total Input Jitter      (TIJ):    0.000ns
    Discrete Jitter          (DJ):    0.000ns
    Phase Error              (PE):    0.000ns

    Location             Delay type                Incr(ns)  Path(ns)    Netlist Resource(s)
  -------------------------------------------------------------------    -------------------
    T18                                               0.000     0.000 r  reset (IN)
                         net (fo=0)                   0.000     0.000    reset
    T18                  IBUF (Prop_ibuf_I_O)         1.454     1.454 r  reset_IBUF_inst/O
                         net (fo=127, routed)         5.327     6.781    ssd/reset_IBUF
    SLICE_X46Y13         FDRE                                         r  ssd/refresh_counter_reg[11]/R
  -------------------------------------------------------------------    -------------------

                         (clock sys_clk_pin rise edge)
                                                      0.000     0.000 r  
    W5                                                0.000     0.000 r  clk (IN)
                         net (fo=0)                   0.000     0.000    clk
    W5                   IBUF (Prop_ibuf_I_O)         1.388     1.388 r  clk_IBUF_inst/O
                         net (fo=1, routed)           1.862     3.250    clk_IBUF
    BUFGCTRL_X0Y1        BUFG (Prop_bufg_I_O)         0.091     3.341 r  clk_IBUF_BUFG_inst/O
                         net (fo=46, routed)          1.443     4.784    ssd/clk
    SLICE_X46Y13         FDRE                                         r  ssd/refresh_counter_reg[11]/C

Slack:                    inf
  Source:                 reset
                            (input port)
  Destination:            ssd/refresh_counter_reg[8]/R
                            (rising edge-triggered cell FDRE clocked by sys_clk_pin  {rise@0.000ns fall@5.000ns period=10.000ns})
  Path Group:             (none)
  Path Type:              Setup (Max at Slow Process Corner)
  Data Path Delay:        6.781ns  (logic 1.454ns (21.439%)  route 5.327ns (78.561%))
  Logic Levels:           1  (IBUF=1)
  Clock Path Skew:        4.784ns (DCD - SCD + CPR)
    Destination Clock Delay (DCD):    4.784ns
    Source Clock Delay      (SCD):    0.000ns
    Clock Pessimism Removal (CPR):    0.000ns
  Clock Uncertainty:      0.025ns  ((TSJ^2 + TIJ^2)^1/2 + DJ) / 2 + PE
    Total System Jitter     (TSJ):    0.050ns
    Total Input Jitter      (TIJ):    0.000ns
    Discrete Jitter          (DJ):    0.000ns
    Phase Error              (PE):    0.000ns

    Location             Delay type                Incr(ns)  Path(ns)    Netlist Resource(s)
  -------------------------------------------------------------------    -------------------
    T18                                               0.000     0.000 r  reset (IN)
                         net (fo=0)                   0.000     0.000    reset
    T18                  IBUF (Prop_ibuf_I_O)         1.454     1.454 r  reset_IBUF_inst/O
                         net (fo=127, routed)         5.327     6.781    ssd/reset_IBUF
    SLICE_X46Y13         FDRE                                         r  ssd/refresh_counter_reg[8]/R
  -------------------------------------------------------------------    -------------------

                         (clock sys_clk_pin rise edge)
                                                      0.000     0.000 r  
    W5                                                0.000     0.000 r  clk (IN)
                         net (fo=0)                   0.000     0.000    clk
    W5                   IBUF (Prop_ibuf_I_O)         1.388     1.388 r  clk_IBUF_inst/O
                         net (fo=1, routed)           1.862     3.250    clk_IBUF
    BUFGCTRL_X0Y1        BUFG (Prop_bufg_I_O)         0.091     3.341 r  clk_IBUF_BUFG_inst/O
                         net (fo=46, routed)          1.443     4.784    ssd/clk
    SLICE_X46Y13         FDRE                                         r  ssd/refresh_counter_reg[8]/C

Slack:                    inf
  Source:                 reset
                            (input port)
  Destination:            ssd/refresh_counter_reg[9]/R
                            (rising edge-triggered cell FDRE clocked by sys_clk_pin  {rise@0.000ns fall@5.000ns period=10.000ns})
  Path Group:             (none)
  Path Type:              Setup (Max at Slow Process Corner)
  Data Path Delay:        6.781ns  (logic 1.454ns (21.439%)  route 5.327ns (78.561%))
  Logic Levels:           1  (IBUF=1)
  Clock Path Skew:        4.784ns (DCD - SCD + CPR)
    Destination Clock Delay (DCD):    4.784ns
    Source Clock Delay      (SCD):    0.000ns
    Clock Pessimism Removal (CPR):    0.000ns
  Clock Uncertainty:      0.025ns  ((TSJ^2 + TIJ^2)^1/2 + DJ) / 2 + PE
    Total System Jitter     (TSJ):    0.050ns
    Total Input Jitter      (TIJ):    0.000ns
    Discrete Jitter          (DJ):    0.000ns
    Phase Error              (PE):    0.000ns

    Location             Delay type                Incr(ns)  Path(ns)    Netlist Resource(s)
  -------------------------------------------------------------------    -------------------
    T18                                               0.000     0.000 r  reset (IN)
                         net (fo=0)                   0.000     0.000    reset
    T18                  IBUF (Prop_ibuf_I_O)         1.454     1.454 r  reset_IBUF_inst/O
                         net (fo=127, routed)         5.327     6.781    ssd/reset_IBUF
    SLICE_X46Y13         FDRE                                         r  ssd/refresh_counter_reg[9]/R
  -------------------------------------------------------------------    -------------------

                         (clock sys_clk_pin rise edge)
                                                      0.000     0.000 r  
    W5                                                0.000     0.000 r  clk (IN)
                         net (fo=0)                   0.000     0.000    clk
    W5                   IBUF (Prop_ibuf_I_O)         1.388     1.388 r  clk_IBUF_inst/O
                         net (fo=1, routed)           1.862     3.250    clk_IBUF
    BUFGCTRL_X0Y1        BUFG (Prop_bufg_I_O)         0.091     3.341 r  clk_IBUF_BUFG_inst/O
                         net (fo=46, routed)          1.443     4.784    ssd/clk
    SLICE_X46Y13         FDRE                                         r  ssd/refresh_counter_reg[9]/C

Slack:                    inf
  Source:                 reset
                            (input port)
  Destination:            ssd/refresh_counter_reg[4]/R
                            (rising edge-triggered cell FDRE clocked by sys_clk_pin  {rise@0.000ns fall@5.000ns period=10.000ns})
  Path Group:             (none)
  Path Type:              Setup (Max at Slow Process Corner)
  Data Path Delay:        6.633ns  (logic 1.454ns (21.918%)  route 5.179ns (78.082%))
  Logic Levels:           1  (IBUF=1)
  Clock Path Skew:        4.785ns (DCD - SCD + CPR)
    Destination Clock Delay (DCD):    4.785ns
    Source Clock Delay      (SCD):    0.000ns
    Clock Pessimism Removal (CPR):    0.000ns
  Clock Uncertainty:      0.025ns  ((TSJ^2 + TIJ^2)^1/2 + DJ) / 2 + PE
    Total System Jitter     (TSJ):    0.050ns
    Total Input Jitter      (TIJ):    0.000ns
    Discrete Jitter          (DJ):    0.000ns
    Phase Error              (PE):    0.000ns

    Location             Delay type                Incr(ns)  Path(ns)    Netlist Resource(s)
  -------------------------------------------------------------------    -------------------
    T18                                               0.000     0.000 r  reset (IN)
                         net (fo=0)                   0.000     0.000    reset
    T18                  IBUF (Prop_ibuf_I_O)         1.454     1.454 r  reset_IBUF_inst/O
                         net (fo=127, routed)         5.179     6.633    ssd/reset_IBUF
    SLICE_X46Y12         FDRE                                         r  ssd/refresh_counter_reg[4]/R
  -------------------------------------------------------------------    -------------------

                         (clock sys_clk_pin rise edge)
                                                      0.000     0.000 r  
    W5                                                0.000     0.000 r  clk (IN)
                         net (fo=0)                   0.000     0.000    clk
    W5                   IBUF (Prop_ibuf_I_O)         1.388     1.388 r  clk_IBUF_inst/O
                         net (fo=1, routed)           1.862     3.250    clk_IBUF
    BUFGCTRL_X0Y1        BUFG (Prop_bufg_I_O)         0.091     3.341 r  clk_IBUF_BUFG_inst/O
                         net (fo=46, routed)          1.444     4.785    ssd/clk
    SLICE_X46Y12         FDRE                                         r  ssd/refresh_counter_reg[4]/C

Slack:                    inf
  Source:                 reset
                            (input port)
  Destination:            ssd/refresh_counter_reg[5]/R
                            (rising edge-triggered cell FDRE clocked by sys_clk_pin  {rise@0.000ns fall@5.000ns period=10.000ns})
  Path Group:             (none)
  Path Type:              Setup (Max at Slow Process Corner)
  Data Path Delay:        6.633ns  (logic 1.454ns (21.918%)  route 5.179ns (78.082%))
  Logic Levels:           1  (IBUF=1)
  Clock Path Skew:        4.785ns (DCD - SCD + CPR)
    Destination Clock Delay (DCD):    4.785ns
    Source Clock Delay      (SCD):    0.000ns
    Clock Pessimism Removal (CPR):    0.000ns
  Clock Uncertainty:      0.025ns  ((TSJ^2 + TIJ^2)^1/2 + DJ) / 2 + PE
    Total System Jitter     (TSJ):    0.050ns
    Total Input Jitter      (TIJ):    0.000ns
    Discrete Jitter          (DJ):    0.000ns
    Phase Error              (PE):    0.000ns

    Location             Delay type                Incr(ns)  Path(ns)    Netlist Resource(s)
  -------------------------------------------------------------------    -------------------
    T18                                               0.000     0.000 r  reset (IN)
                         net (fo=0)                   0.000     0.000    reset
    T18                  IBUF (Prop_ibuf_I_O)         1.454     1.454 r  reset_IBUF_inst/O
                         net (fo=127, routed)         5.179     6.633    ssd/reset_IBUF
    SLICE_X46Y12         FDRE                                         r  ssd/refresh_counter_reg[5]/R
  -------------------------------------------------------------------    -------------------

                         (clock sys_clk_pin rise edge)
                                                      0.000     0.000 r  
    W5                                                0.000     0.000 r  clk (IN)
                         net (fo=0)                   0.000     0.000    clk
    W5                   IBUF (Prop_ibuf_I_O)         1.388     1.388 r  clk_IBUF_inst/O
                         net (fo=1, routed)           1.862     3.250    clk_IBUF
    BUFGCTRL_X0Y1        BUFG (Prop_bufg_I_O)         0.091     3.341 r  clk_IBUF_BUFG_inst/O
                         net (fo=46, routed)          1.444     4.785    ssd/clk
    SLICE_X46Y12         FDRE                                         r  ssd/refresh_counter_reg[5]/C





Min Delay Paths
--------------------------------------------------------------------------------------
Slack:                    inf
  Source:                 BTNC
                            (input port)
  Destination:            btnc_prev_reg/D
                            (rising edge-triggered cell FDRE clocked by sys_clk_pin  {rise@0.000ns fall@5.000ns period=10.000ns})
  Path Group:             (none)
  Path Type:              Hold (Min at Fast Process Corner)
  Data Path Delay:        0.785ns  (logic 0.210ns (26.690%)  route 0.575ns (73.310%))
  Logic Levels:           1  (IBUF=1)
  Clock Path Skew:        1.959ns (DCD - SCD - CPR)
    Destination Clock Delay (DCD):    1.959ns
    Source Clock Delay      (SCD):    0.000ns
    Clock Pessimism Removal (CPR):    -0.000ns

    Location             Delay type                Incr(ns)  Path(ns)    Netlist Resource(s)
  -------------------------------------------------------------------    -------------------
    U18                                               0.000     0.000 r  BTNC (IN)
                         net (fo=0)                   0.000     0.000    BTNC
    U18                  IBUF (Prop_ibuf_I_O)         0.210     0.210 r  BTNC_IBUF_inst/O
                         net (fo=2, routed)           0.575     0.785    BTNC_IBUF
    SLICE_X14Y12         FDRE                                         r  btnc_prev_reg/D
  -------------------------------------------------------------------    -------------------

                         (clock sys_clk_pin rise edge)
                                                      0.000     0.000 r  
    W5                                                0.000     0.000 r  clk (IN)
                         net (fo=0)                   0.000     0.000    clk
    W5                   IBUF (Prop_ibuf_I_O)         0.414     0.414 r  clk_IBUF_inst/O
                         net (fo=1, routed)           0.685     1.099    clk_IBUF
    BUFGCTRL_X0Y1        BUFG (Prop_bufg_I_O)         0.029     1.128 r  clk_IBUF_BUFG_inst/O
                         net (fo=46, routed)          0.832     1.959    clk_IBUF_BUFG
    SLICE_X14Y12         FDRE                                         r  btnc_prev_reg/C

Slack:                    inf
  Source:                 reset
                            (input port)
  Destination:            clk_div_inst/counter_reg[24]/R
                            (rising edge-triggered cell FDRE clocked by sys_clk_pin  {rise@0.000ns fall@5.000ns period=10.000ns})
  Path Group:             (none)
  Path Type:              Hold (Min at Fast Process Corner)
  Data Path Delay:        0.918ns  (logic 0.222ns (24.159%)  route 0.696ns (75.841%))
  Logic Levels:           1  (IBUF=1)
  Clock Path Skew:        1.959ns (DCD - SCD - CPR)
    Destination Clock Delay (DCD):    1.959ns
    Source Clock Delay      (SCD):    0.000ns
    Clock Pessimism Removal (CPR):    -0.000ns

    Location             Delay type                Incr(ns)  Path(ns)    Netlist Resource(s)
  -------------------------------------------------------------------    -------------------
    T18                                               0.000     0.000 r  reset (IN)
                         net (fo=0)                   0.000     0.000    reset
    T18                  IBUF (Prop_ibuf_I_O)         0.222     0.222 r  reset_IBUF_inst/O
                         net (fo=127, routed)         0.696     0.918    clk_div_inst/reset_IBUF
    SLICE_X15Y12         FDRE                                         r  clk_div_inst/counter_reg[24]/R
  -------------------------------------------------------------------    -------------------

                         (clock sys_clk_pin rise edge)
                                                      0.000     0.000 r  
    W5                                                0.000     0.000 r  clk (IN)
                         net (fo=0)                   0.000     0.000    clk
    W5                   IBUF (Prop_ibuf_I_O)         0.414     0.414 r  clk_IBUF_inst/O
                         net (fo=1, routed)           0.685     1.099    clk_IBUF
    BUFGCTRL_X0Y1        BUFG (Prop_bufg_I_O)         0.029     1.128 r  clk_IBUF_BUFG_inst/O
                         net (fo=46, routed)          0.832     1.959    clk_div_inst/clk
    SLICE_X15Y12         FDRE                                         r  clk_div_inst/counter_reg[24]/C

Slack:                    inf
  Source:                 reset
                            (input port)
  Destination:            clk_div_inst/counter_reg[25]/R
                            (rising edge-triggered cell FDRE clocked by sys_clk_pin  {rise@0.000ns fall@5.000ns period=10.000ns})
  Path Group:             (none)
  Path Type:              Hold (Min at Fast Process Corner)
  Data Path Delay:        0.918ns  (logic 0.222ns (24.159%)  route 0.696ns (75.841%))
  Logic Levels:           1  (IBUF=1)
  Clock Path Skew:        1.959ns (DCD - SCD - CPR)
    Destination Clock Delay (DCD):    1.959ns
    Source Clock Delay      (SCD):    0.000ns
    Clock Pessimism Removal (CPR):    -0.000ns

    Location             Delay type                Incr(ns)  Path(ns)    Netlist Resource(s)
  -------------------------------------------------------------------    -------------------
    T18                                               0.000     0.000 r  reset (IN)
                         net (fo=0)                   0.000     0.000    reset
    T18                  IBUF (Prop_ibuf_I_O)         0.222     0.222 r  reset_IBUF_inst/O
                         net (fo=127, routed)         0.696     0.918    clk_div_inst/reset_IBUF
    SLICE_X15Y12         FDRE                                         r  clk_div_inst/counter_reg[25]/R
  -------------------------------------------------------------------    -------------------

                         (clock sys_clk_pin rise edge)
                                                      0.000     0.000 r  
    W5                                                0.000     0.000 r  clk (IN)
                         net (fo=0)                   0.000     0.000    clk
    W5                   IBUF (Prop_ibuf_I_O)         0.414     0.414 r  clk_IBUF_inst/O
                         net (fo=1, routed)           0.685     1.099    clk_IBUF
    BUFGCTRL_X0Y1        BUFG (Prop_bufg_I_O)         0.029     1.128 r  clk_IBUF_BUFG_inst/O
                         net (fo=46, routed)          0.832     1.959    clk_div_inst/clk
    SLICE_X15Y12         FDRE                                         r  clk_div_inst/counter_reg[25]/C

Slack:                    inf
  Source:                 reset
                            (input port)
  Destination:            clk_div_inst/counter_reg[26]/R
                            (rising edge-triggered cell FDRE clocked by sys_clk_pin  {rise@0.000ns fall@5.000ns period=10.000ns})
  Path Group:             (none)
  Path Type:              Hold (Min at Fast Process Corner)
  Data Path Delay:        0.918ns  (logic 0.222ns (24.159%)  route 0.696ns (75.841%))
  Logic Levels:           1  (IBUF=1)
  Clock Path Skew:        1.959ns (DCD - SCD - CPR)
    Destination Clock Delay (DCD):    1.959ns
    Source Clock Delay      (SCD):    0.000ns
    Clock Pessimism Removal (CPR):    -0.000ns

    Location             Delay type                Incr(ns)  Path(ns)    Netlist Resource(s)
  -------------------------------------------------------------------    -------------------
    T18                                               0.000     0.000 r  reset (IN)
                         net (fo=0)                   0.000     0.000    reset
    T18                  IBUF (Prop_ibuf_I_O)         0.222     0.222 r  reset_IBUF_inst/O
                         net (fo=127, routed)         0.696     0.918    clk_div_inst/reset_IBUF
    SLICE_X15Y12         FDRE                                         r  clk_div_inst/counter_reg[26]/R
  -------------------------------------------------------------------    -------------------

                         (clock sys_clk_pin rise edge)
                                                      0.000     0.000 r  
    W5                                                0.000     0.000 r  clk (IN)
                         net (fo=0)                   0.000     0.000    clk
    W5                   IBUF (Prop_ibuf_I_O)         0.414     0.414 r  clk_IBUF_inst/O
                         net (fo=1, routed)           0.685     1.099    clk_IBUF
    BUFGCTRL_X0Y1        BUFG (Prop_bufg_I_O)         0.029     1.128 r  clk_IBUF_BUFG_inst/O
                         net (fo=46, routed)          0.832     1.959    clk_div_inst/clk
    SLICE_X15Y12         FDRE                                         r  clk_div_inst/counter_reg[26]/C

Slack:                    inf
  Source:                 reset
                            (input port)
  Destination:            clk_div_inst/counter_reg[20]/R
                            (rising edge-triggered cell FDRE clocked by sys_clk_pin  {rise@0.000ns fall@5.000ns period=10.000ns})
  Path Group:             (none)
  Path Type:              Hold (Min at Fast Process Corner)
  Data Path Delay:        0.982ns  (logic 0.222ns (22.591%)  route 0.760ns (77.409%))
  Logic Levels:           1  (IBUF=1)
  Clock Path Skew:        1.961ns (DCD - SCD - CPR)
    Destination Clock Delay (DCD):    1.961ns
    Source Clock Delay      (SCD):    0.000ns
    Clock Pessimism Removal (CPR):    -0.000ns

    Location             Delay type                Incr(ns)  Path(ns)    Netlist Resource(s)
  -------------------------------------------------------------------    -------------------
    T18                                               0.000     0.000 r  reset (IN)
                         net (fo=0)                   0.000     0.000    reset
    T18                  IBUF (Prop_ibuf_I_O)         0.222     0.222 r  reset_IBUF_inst/O
                         net (fo=127, routed)         0.760     0.982    clk_div_inst/reset_IBUF
    SLICE_X15Y11         FDRE                                         r  clk_div_inst/counter_reg[20]/R
  -------------------------------------------------------------------    -------------------

                         (clock sys_clk_pin rise edge)
                                                      0.000     0.000 r  
    W5                                                0.000     0.000 r  clk (IN)
                         net (fo=0)                   0.000     0.000    clk
    W5                   IBUF (Prop_ibuf_I_O)         0.414     0.414 r  clk_IBUF_inst/O
                         net (fo=1, routed)           0.685     1.099    clk_IBUF
    BUFGCTRL_X0Y1        BUFG (Prop_bufg_I_O)         0.029     1.128 r  clk_IBUF_BUFG_inst/O
                         net (fo=46, routed)          0.834     1.961    clk_div_inst/clk
    SLICE_X15Y11         FDRE                                         r  clk_div_inst/counter_reg[20]/C

Slack:                    inf
  Source:                 reset
                            (input port)
  Destination:            clk_div_inst/counter_reg[21]/R
                            (rising edge-triggered cell FDRE clocked by sys_clk_pin  {rise@0.000ns fall@5.000ns period=10.000ns})
  Path Group:             (none)
  Path Type:              Hold (Min at Fast Process Corner)
  Data Path Delay:        0.982ns  (logic 0.222ns (22.591%)  route 0.760ns (77.409%))
  Logic Levels:           1  (IBUF=1)
  Clock Path Skew:        1.961ns (DCD - SCD - CPR)
    Destination Clock Delay (DCD):    1.961ns
    Source Clock Delay      (SCD):    0.000ns
    Clock Pessimism Removal (CPR):    -0.000ns

    Location             Delay type                Incr(ns)  Path(ns)    Netlist Resource(s)
  -------------------------------------------------------------------    -------------------
    T18                                               0.000     0.000 r  reset (IN)
                         net (fo=0)                   0.000     0.000    reset
    T18                  IBUF (Prop_ibuf_I_O)         0.222     0.222 r  reset_IBUF_inst/O
                         net (fo=127, routed)         0.760     0.982    clk_div_inst/reset_IBUF
    SLICE_X15Y11         FDRE                                         r  clk_div_inst/counter_reg[21]/R
  -------------------------------------------------------------------    -------------------

                         (clock sys_clk_pin rise edge)
                                                      0.000     0.000 r  
    W5                                                0.000     0.000 r  clk (IN)
                         net (fo=0)                   0.000     0.000    clk
    W5                   IBUF (Prop_ibuf_I_O)         0.414     0.414 r  clk_IBUF_inst/O
                         net (fo=1, routed)           0.685     1.099    clk_IBUF
    BUFGCTRL_X0Y1        BUFG (Prop_bufg_I_O)         0.029     1.128 r  clk_IBUF_BUFG_inst/O
                         net (fo=46, routed)          0.834     1.961    clk_div_inst/clk
    SLICE_X15Y11         FDRE                                         r  clk_div_inst/counter_reg[21]/C

Slack:                    inf
  Source:                 reset
                            (input port)
  Destination:            clk_div_inst/counter_reg[22]/R
                            (rising edge-triggered cell FDRE clocked by sys_clk_pin  {rise@0.000ns fall@5.000ns period=10.000ns})
  Path Group:             (none)
  Path Type:              Hold (Min at Fast Process Corner)
  Data Path Delay:        0.982ns  (logic 0.222ns (22.591%)  route 0.760ns (77.409%))
  Logic Levels:           1  (IBUF=1)
  Clock Path Skew:        1.961ns (DCD - SCD - CPR)
    Destination Clock Delay (DCD):    1.961ns
    Source Clock Delay      (SCD):    0.000ns
    Clock Pessimism Removal (CPR):    -0.000ns

    Location             Delay type                Incr(ns)  Path(ns)    Netlist Resource(s)
  -------------------------------------------------------------------    -------------------
    T18                                               0.000     0.000 r  reset (IN)
                         net (fo=0)                   0.000     0.000    reset
    T18                  IBUF (Prop_ibuf_I_O)         0.222     0.222 r  reset_IBUF_inst/O
                         net (fo=127, routed)         0.760     0.982    clk_div_inst/reset_IBUF
    SLICE_X15Y11         FDRE                                         r  clk_div_inst/counter_reg[22]/R
  -------------------------------------------------------------------    -------------------

                         (clock sys_clk_pin rise edge)
                                                      0.000     0.000 r  
    W5                                                0.000     0.000 r  clk (IN)
                         net (fo=0)                   0.000     0.000    clk
    W5                   IBUF (Prop_ibuf_I_O)         0.414     0.414 r  clk_IBUF_inst/O
                         net (fo=1, routed)           0.685     1.099    clk_IBUF
    BUFGCTRL_X0Y1        BUFG (Prop_bufg_I_O)         0.029     1.128 r  clk_IBUF_BUFG_inst/O
                         net (fo=46, routed)          0.834     1.961    clk_div_inst/clk
    SLICE_X15Y11         FDRE                                         r  clk_div_inst/counter_reg[22]/C

Slack:                    inf
  Source:                 reset
                            (input port)
  Destination:            clk_div_inst/counter_reg[23]/R
                            (rising edge-triggered cell FDRE clocked by sys_clk_pin  {rise@0.000ns fall@5.000ns period=10.000ns})
  Path Group:             (none)
  Path Type:              Hold (Min at Fast Process Corner)
  Data Path Delay:        0.982ns  (logic 0.222ns (22.591%)  route 0.760ns (77.409%))
  Logic Levels:           1  (IBUF=1)
  Clock Path Skew:        1.961ns (DCD - SCD - CPR)
    Destination Clock Delay (DCD):    1.961ns
    Source Clock Delay      (SCD):    0.000ns
    Clock Pessimism Removal (CPR):    -0.000ns

    Location             Delay type                Incr(ns)  Path(ns)    Netlist Resource(s)
  -------------------------------------------------------------------    -------------------
    T18                                               0.000     0.000 r  reset (IN)
                         net (fo=0)                   0.000     0.000    reset
    T18                  IBUF (Prop_ibuf_I_O)         0.222     0.222 r  reset_IBUF_inst/O
                         net (fo=127, routed)         0.760     0.982    clk_div_inst/reset_IBUF
    SLICE_X15Y11         FDRE                                         r  clk_div_inst/counter_reg[23]/R
  -------------------------------------------------------------------    -------------------

                         (clock sys_clk_pin rise edge)
                                                      0.000     0.000 r  
    W5                                                0.000     0.000 r  clk (IN)
                         net (fo=0)                   0.000     0.000    clk
    W5                   IBUF (Prop_ibuf_I_O)         0.414     0.414 r  clk_IBUF_inst/O
                         net (fo=1, routed)           0.685     1.099    clk_IBUF
    BUFGCTRL_X0Y1        BUFG (Prop_bufg_I_O)         0.029     1.128 r  clk_IBUF_BUFG_inst/O
                         net (fo=46, routed)          0.834     1.961    clk_div_inst/clk
    SLICE_X15Y11         FDRE                                         r  clk_div_inst/counter_reg[23]/C

Slack:                    inf
  Source:                 reset
                            (input port)
  Destination:            clk_div_inst/counter_reg[16]/R
                            (rising edge-triggered cell FDRE clocked by sys_clk_pin  {rise@0.000ns fall@5.000ns period=10.000ns})
  Path Group:             (none)
  Path Type:              Hold (Min at Fast Process Corner)
  Data Path Delay:        1.046ns  (logic 0.222ns (21.214%)  route 0.824ns (78.786%))
  Logic Levels:           1  (IBUF=1)
  Clock Path Skew:        1.961ns (DCD - SCD - CPR)
    Destination Clock Delay (DCD):    1.961ns
    Source Clock Delay      (SCD):    0.000ns
    Clock Pessimism Removal (CPR):    -0.000ns

    Location             Delay type                Incr(ns)  Path(ns)    Netlist Resource(s)
  -------------------------------------------------------------------    -------------------
    T18                                               0.000     0.000 r  reset (IN)
                         net (fo=0)                   0.000     0.000    reset
    T18                  IBUF (Prop_ibuf_I_O)         0.222     0.222 r  reset_IBUF_inst/O
                         net (fo=127, routed)         0.824     1.046    clk_div_inst/reset_IBUF
    SLICE_X15Y10         FDRE                                         r  clk_div_inst/counter_reg[16]/R
  -------------------------------------------------------------------    -------------------

                         (clock sys_clk_pin rise edge)
                                                      0.000     0.000 r  
    W5                                                0.000     0.000 r  clk (IN)
                         net (fo=0)                   0.000     0.000    clk
    W5                   IBUF (Prop_ibuf_I_O)         0.414     0.414 r  clk_IBUF_inst/O
                         net (fo=1, routed)           0.685     1.099    clk_IBUF
    BUFGCTRL_X0Y1        BUFG (Prop_bufg_I_O)         0.029     1.128 r  clk_IBUF_BUFG_inst/O
                         net (fo=46, routed)          0.834     1.961    clk_div_inst/clk
    SLICE_X15Y10         FDRE                                         r  clk_div_inst/counter_reg[16]/C

Slack:                    inf
  Source:                 reset
                            (input port)
  Destination:            clk_div_inst/counter_reg[17]/R
                            (rising edge-triggered cell FDRE clocked by sys_clk_pin  {rise@0.000ns fall@5.000ns period=10.000ns})
  Path Group:             (none)
  Path Type:              Hold (Min at Fast Process Corner)
  Data Path Delay:        1.046ns  (logic 0.222ns (21.214%)  route 0.824ns (78.786%))
  Logic Levels:           1  (IBUF=1)
  Clock Path Skew:        1.961ns (DCD - SCD - CPR)
    Destination Clock Delay (DCD):    1.961ns
    Source Clock Delay      (SCD):    0.000ns
    Clock Pessimism Removal (CPR):    -0.000ns

    Location             Delay type                Incr(ns)  Path(ns)    Netlist Resource(s)
  -------------------------------------------------------------------    -------------------
    T18                                               0.000     0.000 r  reset (IN)
                         net (fo=0)                   0.000     0.000    reset
    T18                  IBUF (Prop_ibuf_I_O)         0.222     0.222 r  reset_IBUF_inst/O
                         net (fo=127, routed)         0.824     1.046    clk_div_inst/reset_IBUF
    SLICE_X15Y10         FDRE                                         r  clk_div_inst/counter_reg[17]/R
  -------------------------------------------------------------------    -------------------

                         (clock sys_clk_pin rise edge)
                                                      0.000     0.000 r  
    W5                                                0.000     0.000 r  clk (IN)
                         net (fo=0)                   0.000     0.000    clk
    W5                   IBUF (Prop_ibuf_I_O)         0.414     0.414 r  clk_IBUF_inst/O
                         net (fo=1, routed)           0.685     1.099    clk_IBUF
    BUFGCTRL_X0Y1        BUFG (Prop_bufg_I_O)         0.029     1.128 r  clk_IBUF_BUFG_inst/O
                         net (fo=46, routed)          0.834     1.961    clk_div_inst/clk
    SLICE_X15Y10         FDRE                                         r  clk_div_inst/counter_reg[17]/C





